Cycle,Cycle,Cycle,Cycle,Cycle,Cycle,Cycle,Cycle,Cycle,Cycle,Cycle,Cycle,Cycle,Cycle,Cycle,Cycle,Cycle,Cycle,Cycle,Cycle,Cycle,Cycle,Cycle,Cycle,Cycle,Cycle,Cycle,Cycle,Cycle,Cycle,Cycle,Cycle,Cycle,Cycle,Cycle,Cycle,Cycle,Cycle,Cycle,Cycle,Cycle,Cycle,Cycle,Cycle,Cycle,Cycle,Cycle,Cycle,Cycle,Cycle,Cycle,Cycle,Cycle,Cycle,Cycle,Cycle,Cycle,Cycle,Cycle,Cycle,Cycle,Cycle,Cycle,Cycle,Cycle,Cycle,Cycle,Cycle,Cycle,Cycle,Cycle,Cycle,Cycle,Cycle,Cycle,Cycle,Cycle,Cycle,Cycle,Cycle,Cycle,Cycle,Cycle,Cycle,Cycle,Cycle,Cycle,Cycle,Cycle,Cycle,Cycle,Cycle,Cycle,Cycle,Cycle,Cycle,Cycle,Cycle,Cycle,Cycle,Cycle,Cycle,Cycle,Cycle,Cycle,Cycle,Cycle,Cycle,Cycle,Cycle,Cycle,Cycle,Cycle,Cycle,Cycle,Cycle,Cycle,Cycle,Cycle,Cycle,Cycle,Cycle,Cycle,Cycle,Cycle,Cycle,Cycle,Cycle,Cycle,Cycle,Cycle,Cycle,Cycle,Cycle,Cycle,Cycle,Cycle,Cycle,Cycle,Cycle,Cycle,Cycle,Cycle,Cycle,Cycle,Cycle,Cycle,Cycle,Cycle,Cycle,Cycle,Cycle,Cycle,Cycle,Cycle,Cycle,Cycle,Cycle,Cycle,Cycle,Cycle,Cycle,Cycle,Cycle,Cycle,Cycle,Cycle,Cycle,Cycle,Cycle,Cycle,Cycle,Cycle,Cycle,Cycle,Cycle,Cycle,Cycle,Cycle,Cycle,Cycle,Cycle,Cycle,Cycle,Cycle,Cycle,Cycle,Cycle,Cycle,Cycle,Cycle,Cycle,Cycle,Cycle,Cycle,Cycle,Cycle,Cycle,Cycle,Cycle,Cycle,Cycle,Cycle,Cycle,Cycle,Cycle,Cycle,Cycle,Cycle,Cycle,Cycle,Cycle,Cycle,Cycle,Cycle,Cycle,Cycle,Cycle,Cycle,Cycle,Cycle,Cycle,Cycle,Cycle,Cycle,Cycle,Cycle,Cycle,Cycle,Cycle,Cycle,Cycle,Cycle,Cycle,Cycle,Cycle,Cycle,Cycle,Cycle,Cycle,Cycle,Cycle,Cycle,Cycle,Cycle,Cycle,Cycle,Cycle,Cycle,Cycle,Cycle,Cycle,Cycle,Cycle,Cycle,Cycle,Cycle,Cycle,Cycle,Cycle,Cycle,Cycle,Cycle,Cycle,Cycle,Cycle,Cycle,Cycle,Cycle,Cycle,Cycle,Cycle,Cycle,Cycle,Cycle,Cycle,Cycle,Cycle,Cycle,Cycle,Cycle,Cycle,Cycle,Cycle,Cycle,Cycle,Cycle,Cycle,Cycle,Cycle,Cycle,Cycle,Cycle,Cycle,Cycle,Cycle,Cycle,Cycle,Cycle,Cycle,Cycle,Cycle,Cycle,Cycle,Cycle,Cycle,Cycle,Cycle,Cycle,Cycle,Cycle,Cycle,Cycle,Cycle,Cycle,Cycle,Cycle,Cycle,Cycle,Cycle,Cycle,Cycle,Cycle,Cycle,Cycle,Cycle,Cycle,Cycle,Cycle,Cycle,Cycle,Cycle,Cycle,Cycle,Cycle,Cycle,Cycle,Cycle,Cycle,Cycle,Cycle,Cycle,Cycle,Cycle,Cycle,Cycle,Cycle,Cycle,Cycle,Cycle,Cycle,Cycle,Cycle
Description,Details,Maldistribution Severity,Residuals,Residuals_SH_equal,Epsilon_md,Q Total,m_dot Total,h_out Total,Vol flow A 0,Vol flow A 1,Vol flow A sum,Vol flow A avg,Vol flow B 0,Vol flow B 1,Vol flow B sum,Vol flow B avg,Inlet DB_A 0,Inlet DB_A 1,Inlet DB_A sum,Inlet DB_A avg,Inlet DB_B 0,Inlet DB_B 1,Inlet DB_B sum,Inlet DB_B avg,Inlet Air pressure_A 0,Inlet Air pressure_A 1,Inlet Air pressure_A sum,Inlet Air pressure_A avg,Inlet Air pressure_B 0,Inlet Air pressure_B 1,Inlet Air pressure_B sum,Inlet Air pressure_B avg,Inlet Air Relative Humidity_A 0,Inlet Air Relative Humidity_A 1,Inlet Air Relative Humidity_A sum,Inlet Air Relative Humidity_A avg,Inlet Air Relative Humidity_B 0,Inlet Air Relative Humidity_B 1,Inlet Air Relative Humidity_B sum,Inlet Air Relative Humidity_B avg,Tubes per bank_A 0,Tubes per bank_A 1,Tubes per bank_A sum,Tubes per bank_A avg,Tubes per bank_B 0,Tubes per bank_B 1,Tubes per bank_B sum,Tubes per bank_B avg,Number of banks_A 0,Number of banks_A 1,Number of banks_A sum,Number of banks_A avg,Number of banks_B 0,Number of banks_B 1,Number of banks_B sum,Number of banks_B avg,Number circuits_A 0,Number circuits_A 1,Number circuits_A sum,Number circuits_A avg,Number circuits_B 0,Number circuits_B 1,Number circuits_B sum,Number circuits_B avg,Length of tube_A 0,Length of tube_A 1,Length of tube_A sum,Length of tube_A avg,Length of tube_B 0,Length of tube_B 1,Length of tube_B sum,Length of tube_B avg,Tube OD_A 0,Tube OD_A 1,Tube OD_A sum,Tube OD_A avg,Tube OD_B 0,Tube OD_B 1,Tube OD_B sum,Tube OD_B avg,Tube ID_A 0,Tube ID_A 1,Tube ID_A sum,Tube ID_A avg,Tube ID_B 0,Tube ID_B 1,Tube ID_B sum,Tube ID_B avg,Tube Long. Pitch_A 0,Tube Long. Pitch_A 1,Tube Long. Pitch_A sum,Tube Long. Pitch_A avg,Tube Long. Pitch_B 0,Tube Long. Pitch_B 1,Tube Long. Pitch_B sum,Tube Long. Pitch_B avg,Tube Transverse Pitch_A 0,Tube Transverse Pitch_A 1,Tube Transverse Pitch_A sum,Tube Transverse Pitch_A avg,Tube Transverse Pitch_B 0,Tube Transverse Pitch_B 1,Tube Transverse Pitch_B sum,Tube Transverse Pitch_B avg,Outlet superheat_A 0,Outlet superheat_A 1,Outlet superheat_A sum,Outlet superheat_A avg,Outlet superheat_B 0,Outlet superheat_B 1,Outlet superheat_B sum,Outlet superheat_B avg,Fins per inch_A 0,Fins per inch_A 1,Fins per inch_A sum,Fins per inch_A avg,Fins per inch_B 0,Fins per inch_B 1,Fins per inch_B sum,Fins per inch_B avg,Fin waviness pd_A 0,Fin waviness pd_A 1,Fin waviness pd_A sum,Fin waviness pd_A avg,Fin waviness pd_B 0,Fin waviness pd_B 1,Fin waviness pd_B sum,Fin waviness pd_B avg,Fin waviness xf_A 0,Fin waviness xf_A 1,Fin waviness xf_A sum,Fin waviness xf_A avg,Fin waviness xf_B 0,Fin waviness xf_B 1,Fin waviness xf_B sum,Fin waviness xf_B avg,Fin thickness_A 0,Fin thickness_A 1,Fin thickness_A sum,Fin thickness_A avg,Fin thickness_B 0,Fin thickness_B 1,Fin thickness_B sum,Fin thickness_B avg,Fin Conductivity_A 0,Fin Conductivity_A 1,Fin Conductivity_A sum,Fin Conductivity_A avg,Fin Conductivity_B 0,Fin Conductivity_B 1,Fin Conductivity_B sum,Fin Conductivity_B avg,Refrigerant flowrate_A 0,Refrigerant flowrate_A 1,Refrigerant flowrate_A sum,Refrigerant flowrate_A avg,Refrigerant flowrate_B 0,Refrigerant flowrate_B 1,Refrigerant flowrate_B sum,Refrigerant flowrate_B avg,Q Total_A 0,Q Total_A 1,Q Total_A sum,Q Total_A avg,Q Total_B 0,Q Total_B 1,Q Total_B sum,Q Total_B avg,Q Superheat_A 0,Q Superheat_A 1,Q Superheat_A sum,Q Superheat_A avg,Q Superheat_B 0,Q Superheat_B 1,Q Superheat_B sum,Q Superheat_B avg,Q Two-Phase_A 0,Q Two-Phase_A 1,Q Two-Phase_A sum,Q Two-Phase_A avg,Q Two-Phase_B 0,Q Two-Phase_B 1,Q Two-Phase_B sum,Q Two-Phase_B avg,Inlet ref. temp_A 0,Inlet ref. temp_A 1,Inlet ref. temp_A sum,Inlet ref. temp_A avg,Inlet ref. temp_B 0,Inlet ref. temp_B 1,Inlet ref. temp_B sum,Inlet ref. temp_B avg,Outlet ref. temp_A 0,Outlet ref. temp_A 1,Outlet ref. temp_A sum,Outlet ref. temp_A avg,Outlet ref. temp_B 0,Outlet ref. temp_B 1,Outlet ref. temp_B sum,Outlet ref. temp_B avg,Outlet air temp_A 0,Outlet air temp_A 1,Outlet air temp_A sum,Outlet air temp_A avg,Outlet air temp_B 0,Outlet air temp_B 1,Outlet air temp_B sum,Outlet air temp_B avg,Pressure Drop Total_A 0,Pressure Drop Total_A 1,Pressure Drop Total_A sum,Pressure Drop Total_A avg,Pressure Drop Total_B 0,Pressure Drop Total_B 1,Pressure Drop Total_B sum,Pressure Drop Total_B avg,Pressure Drop Superheat_A 0,Pressure Drop Superheat_A 1,Pressure Drop Superheat_A sum,Pressure Drop Superheat_A avg,Pressure Drop Superheat_B 0,Pressure Drop Superheat_B 1,Pressure Drop Superheat_B sum,Pressure Drop Superheat_B avg,Pressure Drop Two-Phase_A 0,Pressure Drop Two-Phase_A 1,Pressure Drop Two-Phase_A sum,Pressure Drop Two-Phase_A avg,Pressure Drop Two-Phase_B 0,Pressure Drop Two-Phase_B 1,Pressure Drop Two-Phase_B sum,Pressure Drop Two-Phase_B avg,Charge Total_A 0,Charge Total_A 1,Charge Total_A sum,Charge Total_A avg,Charge Total_B 0,Charge Total_B 1,Charge Total_B sum,Charge Total_B avg,Charge Superheat_A 0,Charge Superheat_A 1,Charge Superheat_A sum,Charge Superheat_A avg,Charge Superheat_B 0,Charge Superheat_B 1,Charge Superheat_B sum,Charge Superheat_B avg,Charge Two-Phase_A 0,Charge Two-Phase_A 1,Charge Two-Phase_A sum,Charge Two-Phase_A avg,Charge Two-Phase_B 0,Charge Two-Phase_B 1,Charge Two-Phase_B sum,Charge Two-Phase_B avg,Mean HTC Superheat_A 0,Mean HTC Superheat_A 1,Mean HTC Superheat_A sum,Mean HTC Superheat_A avg,Mean HTC Superheat_B 0,Mean HTC Superheat_B 1,Mean HTC Superheat_B sum,Mean HTC Superheat_B avg,Mean HTC Two-phase_A 0,Mean HTC Two-phase_A 1,Mean HTC Two-phase_A sum,Mean HTC Two-phase_A avg,Mean HTC Two-phase_B 0,Mean HTC Two-phase_B 1,Mean HTC Two-phase_B sum,Mean HTC Two-phase_B avg,Wetted Area Fraction Superheat_A 0,Wetted Area Fraction Superheat_A 1,Wetted Area Fraction Superheat_A sum,Wetted Area Fraction Superheat_A avg,Wetted Area Fraction Superheat_B 0,Wetted Area Fraction Superheat_B 1,Wetted Area Fraction Superheat_B sum,Wetted Area Fraction Superheat_B avg,Wetted Area Fraction Two-phase_A 0,Wetted Area Fraction Two-phase_A 1,Wetted Area Fraction Two-phase_A sum,Wetted Area Fraction Two-phase_A avg,Wetted Area Fraction Two-phase_B 0,Wetted Area Fraction Two-phase_B 1,Wetted Area Fraction Two-phase_B sum,Wetted Area Fraction Two-phase_B avg,Mean Air HTC_A 0,Mean Air HTC_A 1,Mean Air HTC_A sum,Mean Air HTC_A avg,Mean Air HTC_B 0,Mean Air HTC_B 1,Mean Air HTC_B sum,Mean Air HTC_B avg,Surface Effectiveness_A 0,Surface Effectiveness_A 1,Surface Effectiveness_A sum,Surface Effectiveness_A avg,Surface Effectiveness_B 0,Surface Effectiveness_B 1,Surface Effectiveness_B sum,Surface Effectiveness_B avg,Air-side area (fin+tubes)_A 0,Air-side area (fin+tubes)_A 1,Air-side area (fin+tubes)_A sum,Air-side area (fin+tubes)_A avg,Air-side area (fin+tubes)_B 0,Air-side area (fin+tubes)_B 1,Air-side area (fin+tubes)_B sum,Air-side area (fin+tubes)_B avg,Mass Flow rate dry Air_A 0,Mass Flow rate dry Air_A 1,Mass Flow rate dry Air_A sum,Mass Flow rate dry Air_A avg,Mass Flow rate dry Air_B 0,Mass Flow rate dry Air_B 1,Mass Flow rate dry Air_B sum,Mass Flow rate dry Air_B avg,Mass Flow rate humid Air_A 0,Mass Flow rate humid Air_A 1,Mass Flow rate humid Air_A sum,Mass Flow rate humid Air_A avg,Mass Flow rate humid Air_B 0,Mass Flow rate humid Air_B 1,Mass Flow rate humid Air_B sum,Mass Flow rate humid Air_B avg,Pressure Drop Air-side_A 0,Pressure Drop Air-side_A 1,Pressure Drop Air-side_A sum,Pressure Drop Air-side_A avg,Pressure Drop Air-side_B 0,Pressure Drop Air-side_B 1,Pressure Drop Air-side_B sum,Pressure Drop Air-side_B avg,Refrigerant mass flow A 0,Refrigerant mass flow A 1,Refrigerant mass flow A sum,Refrigerant mass flow A avg,Refrigerant mass flow B 0,Refrigerant mass flow B 1,Refrigerant mass flow B sum,Refrigerant mass flow B avg,Sensible Heat Ratio_A 0,Sensible Heat Ratio_A 1,Sensible Heat Ratio_A sum,Sensible Heat Ratio_A avg,Sensible Heat Ratio_B 0,Sensible Heat Ratio_B 1,Sensible Heat Ratio_B sum,Sensible Heat Ratio_B avg
N/A,N/A,N/A,N/A,N/A,-,W,kg/s,kJ/kg,m^3/s,m^3/s,m^3/s,m^3/s,m^3/s,m^3/s,m^3/s,m^3/s,K,K,K,K,K,K,K,K,kP_A,kP_A,kP_A,kP_A,kP_B,kP_B,kP_B,kP_B,-,-,-,-,-,-,-,-,-,-,-,-,-,-,-,-,-,-,-,-,-,-,-,-,-,-,-,-,-,-,-,-,m,m,m,m,m,m,m,m,m,m,m,m,m,m,m,m,m,m,m,m,m,m,m,m,m,m,m,m,m,m,m,m,m,m,m,m,m,m,m,m,K,K,K,K,K,K,K,K,1/in,1/in,1/in,1/in,1/in,1/in,1/in,1/in,m,m,m,m,m,m,m,m,m,m,m,m,m,m,m,m,m,m,m,m,m,m,m,m,W/m-K,W/m-K,W/m-K,W/m-K,W/m-K,W/m-K,W/m-K,W/m-K,kg/s,kg/s,kg/s,kg/s,kg/s,kg/s,kg/s,kg/s,W,W,W,W,W,W,W,W,W,W,W,W,W,W,W,W,W,W,W,W,W,W,W,W,K,K,K,K,K,K,K,K,K,K,K,K,K,K,K,K,K,K,K,K,K,K,K,K,P_A,P_A,P_A,P_A,P_B,P_B,P_B,P_B,P_A,P_A,P_A,P_A,P_B,P_B,P_B,P_B,P_A,P_A,P_A,P_A,P_B,P_B,P_B,P_B,kg,kg,kg,kg,kg,kg,kg,kg,kg,kg,kg,kg,kg,kg,kg,kg,kg,kg,kg,kg,kg,kg,kg,kg,W/m^2-K,W/m^2-K,W/m^2-K,W/m^2-K,W/m^2-K,W/m^2-K,W/m^2-K,W/m^2-K,W/m^2-K,W/m^2-K,W/m^2-K,W/m^2-K,W/m^2-K,W/m^2-K,W/m^2-K,W/m^2-K,-,-,-,-,-,-,-,-,-,-,-,-,-,-,-,-,W/m^2-K,W/m^2-K,W/m^2-K,W/m^2-K,W/m^2-K,W/m^2-K,W/m^2-K,W/m^2-K,-,-,-,-,-,-,-,-,m^2,m^2,m^2,m^2,m^2,m^2,m^2,m^2,kg/s,kg/s,kg/s,kg/s,kg/s,kg/s,kg/s,kg/s,kg/s,kg/s,kg/s,kg/s,kg/s,kg/s,kg/s,kg/s,P_A,P_A,P_A,P_A,P_B,P_B,P_B,P_B,kg/s,kg/s,kg/s,kg/s,kg/s,kg/s,kg/s,kg/s,-,-,-,-,-,-,-,-
Standard,without maldistribution,0,1.14290742204e-06,0,-999,3274.43788679,0.0268814799445,365.854626087,0.17549364069,0.17549364069,0.35098728138,0.17549364069,0.17549364069,0.17549364069,0.35098728138,0.17549364069,275.15,275.15,550.3,275.15,270.876731765,270.876731765,541.75346353,270.876731765,101.325,101.325,202.65,101.325,101.325,101.325,202.65,101.325,0.48,0.48,0.96,0.48,0.669600108409,0.669600108409,1.33920021682,0.669600108409,1,1,2,1.0,1,1,2,1.0,2,2,4,2.0,2,2,4,2.0,1,1,2,1.0,1,1,2,1.0,2.7432,2.7432,5.4864,2.7432,2.7432,2.7432,5.4864,2.7432,0.01307,0.01307,0.02614,0.01307,0.01307,0.01307,0.02614,0.01307,0.01207,0.01207,0.02414,0.01207,0.01207,0.01207,0.02414,0.01207,0.03303,0.03303,0.06606,0.03303,0.03303,0.03303,0.06606,0.03303,0.02285,0.02285,0.0457,0.02285,0.02285,0.02285,0.0457,0.02285,4.91293912716,4.91293912716,9.82587825431,4.91293912716,-0.434750003914,-0.434750003914,-0.869500007829,-0.434750003914,8,8,16,8.0,8,8,16,8.0,0.00065,0.00065,0.0013,0.00065,0.00065,0.00065,0.0013,0.00065,0.0031,0.0031,0.0062,0.0031,0.0031,0.0031,0.0062,0.0031,0.000198,0.000198,0.000396,0.000198,0.000198,0.000198,0.000396,0.000198,237,237,474,237.0,237,237,474,237.0,0.0134407399723,0.0134407399723,0.0268814799445,0.0134407399723,0.0134407399723,0.0134407399723,0.0268814799445,0.0134407399723,968.667535412,968.667535412,1937.33507082,968.667535412,668.551407983,668.551407983,1337.10281597,668.551407983,63.2223568511,63.2223568511,126.444713702,63.2223568511,0.0,0.0,0.0,0.0,905.445178561,905.445178561,1810.89035712,905.445178561,668.551407983,668.551407983,1337.10281597,668.551407983,263.887353097,263.887353097,527.774706193,263.887353097,263.728210592,263.728210592,527.456421184,263.728210592,269.015825108,269.015825108,538.031650217,269.015825108,263.668135977,263.668135977,527.336271954,263.668135977,270.876731765,270.876731765,541.75346353,270.876731765,267.97320855,267.97320855,535.9464171,267.97320855,-3285.68023967,-3285.68023967,-6571.36047935,-3285.68023967,-3331.73701879,-3331.73701879,-6663.47403759,-3331.73701879,-464.254656258,-464.254656258,-928.509312516,-464.254656258,0.0,0.0,0.0,0.0,-2821.42558342,-2821.42558342,-5642.85116683,-2821.42558342,-3331.73701879,-3331.73701879,-6663.47403759,-3331.73701879,0.0249552898667,0.0249552898667,0.0499105797334,0.0249552898667,0.0710194363133,0.0710194363133,0.142038872627,0.0710194363133,0.00271289758209,0.00271289758209,0.00542579516419,0.00271289758209,0.0,0.0,0.0,0.0,0.0222423922846,0.0222423922846,0.0444847845692,0.0222423922846,0.0710194363133,0.0710194363133,0.142038872627,0.0710194363133,243.526993276,243.526993276,487.053986553,243.526993276,0.0,0.0,0.0,0.0,1135.60196161,1135.60196161,2271.20392323,1135.60196161,1010.74013003,1010.74013003,2021.48026006,1010.74013003,0.193955052953,0.193955052953,0.387910105905,0.193955052953,0.0,0.0,0.0,0.0,0.806044947047,0.806044947047,1.61208989409,0.806044947047,1.0,1.0,2.0,1.0,40.7407974167,40.7407974167,81.4815948335,40.7407974167,40.7761825763,40.7761825763,81.5523651526,40.7761825763,0.923241675205,0.923241675205,1.84648335041,0.923241675205,0.923180349,0.923180349,1.846360698,0.923180349,7.74281134566,7.74281134566,15.4856226913,7.74281134566,7.74281134566,7.74281134566,15.4856226913,7.74281134566,0.224520151551,0.224520151551,0.449040303102,0.224520151551,0.228074888862,0.228074888862,0.456149777723,0.228074888862,0.224990650285,0.224990650285,0.449981300571,0.224990650285,0.228552822784,0.228552822784,0.457105645568,0.228552822784,7.04843733583,7.04843733583,14.0968746717,7.04843733583,7.04354464711,7.04354464711,14.0870892942,7.04354464711,0.0134407399723,0.0134407399723,0.0268814799445,0.0134407399723,0.0134407399723,0.0134407399723,0.0268814799445,0.0134407399723,1.0,1.0,2.0,1.0,1.0,1.0,2.0,1.0
Standard,Standard  [ 1. 1.] air flow MD,[ 1.  1.],1.14290742204e-06,0,0.0,3274.43788679,0.0268814799445,365.854626087,0.17549364069,0.17549364069,0.35098728138,0.17549364069,0.17549364069,0.17549364069,0.35098728138,0.17549364069,275.15,275.15,550.3,275.15,270.876731765,270.876731765,541.75346353,270.876731765,101.325,101.325,202.65,101.325,101.325,101.325,202.65,101.325,0.48,0.48,0.96,0.48,0.669600108409,0.669600108409,1.33920021682,0.669600108409,1,1,2,1.0,1,1,2,1.0,2,2,4,2.0,2,2,4,2.0,1,1,2,1.0,1,1,2,1.0,2.7432,2.7432,5.4864,2.7432,2.7432,2.7432,5.4864,2.7432,0.01307,0.01307,0.02614,0.01307,0.01307,0.01307,0.02614,0.01307,0.01207,0.01207,0.02414,0.01207,0.01207,0.01207,0.02414,0.01207,0.03303,0.03303,0.06606,0.03303,0.03303,0.03303,0.06606,0.03303,0.02285,0.02285,0.0457,0.02285,0.02285,0.02285,0.0457,0.02285,4.91293912716,4.91293912716,9.82587825431,4.91293912716,-0.434750003914,-0.434750003914,-0.869500007829,-0.434750003914,8,8,16,8.0,8,8,16,8.0,0.00065,0.00065,0.0013,0.00065,0.00065,0.00065,0.0013,0.00065,0.0031,0.0031,0.0062,0.0031,0.0031,0.0031,0.0062,0.0031,0.000198,0.000198,0.000396,0.000198,0.000198,0.000198,0.000396,0.000198,237,237,474,237.0,237,237,474,237.0,0.0134407399723,0.0134407399723,0.0268814799445,0.0134407399723,0.0134407399723,0.0134407399723,0.0268814799445,0.0134407399723,968.667535412,968.667535412,1937.33507082,968.667535412,668.551407983,668.551407983,1337.10281597,668.551407983,63.2223568511,63.2223568511,126.444713702,63.2223568511,0.0,0.0,0.0,0.0,905.445178561,905.445178561,1810.89035712,905.445178561,668.551407983,668.551407983,1337.10281597,668.551407983,263.887353097,263.887353097,527.774706193,263.887353097,263.728210592,263.728210592,527.456421184,263.728210592,269.015825108,269.015825108,538.031650217,269.015825108,263.668135977,263.668135977,527.336271954,263.668135977,270.876731765,270.876731765,541.75346353,270.876731765,267.97320855,267.97320855,535.9464171,267.97320855,-3285.68023967,-3285.68023967,-6571.36047935,-3285.68023967,-3331.73701879,-3331.73701879,-6663.47403759,-3331.73701879,-464.254656258,-464.254656258,-928.509312516,-464.254656258,0.0,0.0,0.0,0.0,-2821.42558342,-2821.42558342,-5642.85116683,-2821.42558342,-3331.73701879,-3331.73701879,-6663.47403759,-3331.73701879,0.0249552898667,0.0249552898667,0.0499105797334,0.0249552898667,0.0710194363133,0.0710194363133,0.142038872627,0.0710194363133,0.00271289758209,0.00271289758209,0.00542579516419,0.00271289758209,0.0,0.0,0.0,0.0,0.0222423922846,0.0222423922846,0.0444847845692,0.0222423922846,0.0710194363133,0.0710194363133,0.142038872627,0.0710194363133,243.526993276,243.526993276,487.053986553,243.526993276,0.0,0.0,0.0,0.0,1135.60196161,1135.60196161,2271.20392323,1135.60196161,1010.74013003,1010.74013003,2021.48026006,1010.74013003,0.193955052953,0.193955052953,0.387910105905,0.193955052953,0.0,0.0,0.0,0.0,0.806044947047,0.806044947047,1.61208989409,0.806044947047,1.0,1.0,2.0,1.0,40.7407974167,40.7407974167,81.4815948335,40.7407974167,40.7761825763,40.7761825763,81.5523651526,40.7761825763,0.923241675205,0.923241675205,1.84648335041,0.923241675205,0.923180349,0.923180349,1.846360698,0.923180349,7.74281134566,7.74281134566,15.4856226913,7.74281134566,7.74281134566,7.74281134566,15.4856226913,7.74281134566,0.224520151551,0.224520151551,0.449040303102,0.224520151551,0.228074888862,0.228074888862,0.456149777723,0.228074888862,0.224990650285,0.224990650285,0.449981300571,0.224990650285,0.228552822784,0.228552822784,0.457105645568,0.228552822784,7.04843733583,7.04843733583,14.0968746717,7.04843733583,7.04354464711,7.04354464711,14.0870892942,7.04354464711,0.0134407399723,0.0134407399723,0.0268814799445,0.0134407399723,0.0134407399723,0.0134407399723,0.0268814799445,0.0134407399723,1.0,1.0,2.0,1.0,1.0,1.0,2.0,1.0
Standard,Standard  [ 1.   0.95] air flow MD,[ 1.05  0.95],1.0882911738e-05,0,0.05,3259.37090576,0.0267577876606,365.854626097,0.184268322725,0.166718958655,0.35098728138,0.17549364069,0.184268322725,0.166718958655,0.35098728138,0.17549364069,275.15,275.15,550.3,275.15,271.271791711,270.531263326,541.803055037,270.901527518,101.325,101.325,202.65,101.325,101.325,101.325,202.65,101.325,0.48,0.48,0.96,0.48,0.647842101135,0.68927959627,1.33712169741,0.668560848703,1,1,2,1.0,1,1,2,1.0,2,2,4,2.0,2,2,4,2.0,1,1,2,1.0,1,1,2,1.0,2.7432,2.7432,5.4864,2.7432,2.7432,2.7432,5.4864,2.7432,0.01307,0.01307,0.02614,0.01307,0.01307,0.01307,0.02614,0.01307,0.01207,0.01207,0.02414,0.01207,0.01207,0.01207,0.02414,0.01207,0.03303,0.03303,0.06606,0.03303,0.03303,0.03303,0.06606,0.03303,0.02285,0.02285,0.0457,0.02285,0.02285,0.02285,0.0457,0.02285,6.10130809109,3.72871009837,9.83001818945,4.91500909473,-0.422214307933,-0.441469224695,-0.863683532628,-0.431841766314,8,8,16,8.0,8,8,16,8.0,0.00065,0.00065,0.0013,0.00065,0.00065,0.00065,0.0013,0.00065,0.0031,0.0031,0.0062,0.0031,0.0031,0.0031,0.0062,0.0031,0.000198,0.000198,0.000396,0.000198,0.000198,0.000198,0.000396,0.000198,237,237,474,237.0,237,237,474,237.0,0.0133788938303,0.0133788938303,0.0267577876606,0.0133788938303,0.0133788938303,0.0133788938303,0.0267577876606,0.0133788938303,923.070814028,994.629642571,1917.7004566,958.8502283,721.453231276,620.217217889,1341.67044917,670.835224583,77.7700379879,48.092854015,125.862892003,62.9314460015,0.0,0.0,0.0,0.0,845.30077604,946.536788556,1791.8375646,895.918782298,721.453231276,620.217217889,1341.67044917,670.835224583,263.900739763,263.876530065,527.777269828,263.888634914,263.728210592,263.728210592,527.456421184,263.728210592,270.204194072,267.83159608,538.035790152,269.017895076,263.680671673,263.661416756,527.34208843,263.671044215,271.271791711,270.531263326,541.803055037,270.901527518,268.283366612,267.703154803,535.986521415,267.993260708,-3161.06808563,-3309.56439292,-6470.63247854,-3235.31623927,-3344.99812375,-3269.25149201,-6614.24961576,-3307.12480788,-622.691238291,-325.190312876,-947.881551167,-473.940775583,0.0,0.0,0.0,0.0,-2538.37684733,-2984.37408004,-5522.75092738,-2761.37546369,-3344.99812375,-3269.25149201,-6614.24961576,-3307.12480788,0.0232162123963,0.026525554559,0.0497417669554,0.0248708834777,0.0689328523235,0.0727817611347,0.141714613458,0.0708573067291,0.0036435761654,0.0019295367882,0.0055731129536,0.0027865564768,0.0,0.0,0.0,0.0,0.0195726362309,0.0245960177708,0.0441686540017,0.0220843270009,0.0689328523235,0.0727817611347,0.141714613458,0.0708573067291,242.630894569,242.630894569,485.261789138,242.630894569,0.0,0.0,0.0,0.0,1132.24278036,1130.0646956,2262.30747596,1131.15373798,1018.26248599,997.573972813,2015.83645881,1007.9182294,0.261399817771,0.137467586635,0.398867404406,0.199433702203,0.0,0.0,0.0,0.0,0.738600182229,0.862532413365,1.60113259559,0.800566297797,1.0,1.0,2.0,1.0,41.7391935929,39.7169196999,81.4561132929,40.7280566464,41.7720894493,39.7542091792,81.5262986286,40.7631493143,0.921533074292,0.925001741376,1.84653481567,0.923267407834,0.921476906284,0.924937491628,1.84641439791,0.923207198956,7.74281134566,7.74281134566,15.4856226913,7.74281134566,7.74281134566,7.74281134566,15.4856226913,7.74281134566,0.235746159129,0.213294143974,0.449040303102,0.224520151551,0.239128599823,0.216948850475,0.456077450297,0.228038725149,0.2362401828,0.213741117771,0.449981300571,0.224990650285,0.239629698881,0.217403467981,0.457033166862,0.228516583431,7.55320684924,6.55538357597,14.1085904252,7.05429521261,7.54952619212,6.54980202345,14.0993282156,7.04966410778,0.0133788938303,0.0133788938303,0.0267577876606,0.0133788938303,0.0133788938303,0.0133788938303,0.0267577876606,0.0133788938303,1.0,1.0,2.0,1.0,1.0,0.998710716063,1.99871071606,0.999355358032
Standard,Standard  [ 1.  0.9] air flow MD,[ 1.1  0.9],-5.13216946274e-07,0,0.1,3215.14892935,0.0263947475805,365.854626085,0.193043004759,0.157944276621,0.35098728138,0.17549364069,0.193043004759,0.157944276621,0.35098728138,0.17549364069,275.15,275.15,550.3,275.15,271.70780658,270.235699559,541.943506139,270.971753069,101.325,101.325,202.65,101.325,101.325,101.325,202.65,101.325,0.48,0.48,0.96,0.48,0.624718224413,0.706616356321,1.33133458073,0.665667290367,1,1,2,1.0,1,1,2,1.0,2,2,4,2.0,2,2,4,2.0,1,1,2,1.0,1,1,2,1.0,2.7432,2.7432,5.4864,2.7432,2.7432,2.7432,5.4864,2.7432,0.01307,0.01307,0.02614,0.01307,0.01307,0.01307,0.02614,0.01307,0.01207,0.01207,0.02414,0.01207,0.01207,0.01207,0.02414,0.01207,0.03303,0.03303,0.06606,0.03303,0.03303,0.03303,0.06606,0.03303,0.02285,0.02285,0.0457,0.02285,0.02285,0.02285,0.0457,0.02285,7.19858449117,2.64006608235,9.83865057352,4.91932528676,-0.403800208859,-0.442869314726,-0.846669523586,-0.423334761793,8,8,16,8.0,8,8,16,8.0,0.00065,0.00065,0.0013,0.00065,0.00065,0.00065,0.0013,0.00065,0.0031,0.0031,0.0062,0.0031,0.0031,0.0031,0.0062,0.0031,0.000198,0.000198,0.000396,0.000198,0.000198,0.000198,0.000396,0.000198,237,237,474,237.0,237,237,474,237.0,0.0131973737903,0.0131973737903,0.0263947475805,0.0131973737903,0.0131973737903,0.0131973737903,0.0263947475805,0.0131973737903,858.306784623,1002.57946165,1860.88624627,930.443123135,777.392991055,576.869692028,1354.26268308,677.131341542,90.2029255,33.9523035593,124.155229059,62.0776145296,0.0,0.0,0.0,0.0,768.103859123,968.627158087,1736.73101721,868.365508605,777.392991055,576.869692028,1354.26268308,677.131341542,263.916674271,263.868061331,527.784735601,263.892367801,263.728210592,263.728210592,527.456421184,263.728210592,271.301470472,266.742952064,538.044422536,269.022211268,263.699085772,263.660016666,527.359102439,263.679551219,271.70780658,270.235699559,541.943506139,270.971753069,268.629095778,267.472865156,536.101960935,268.050980467,-3003.67853463,-3290.9847934,-6294.66332803,-3147.33166402,-3307.84420566,-3161.89493591,-6469.73914158,-3234.86957079,-788.118517173,-212.626724194,-1000.74524137,-500.372620683,0.0,0.0,0.0,0.0,-2215.56001745,-3078.35806921,-5293.91808666,-2646.95904333,-3307.84420566,-3161.89493591,-6469.73914158,-3234.86957079,0.0214163812036,0.0278585084399,0.0492748896435,0.0246374448217,0.0665733053636,0.0742109092391,0.140784214603,0.0703921073013,0.00469609751676,0.00130139482647,0.00599749234323,0.00299874617162,0.0,0.0,0.0,0.0,0.0167202836868,0.0265571136134,0.0432773973002,0.0216386986501,0.0665733053636,0.0742109092391,0.140784214603,0.0703921073013,239.99641332,239.99641332,479.992826639,239.99641332,0.0,0.0,0.0,0.0,1119.57493694,1116.33532507,2235.91026201,1117.955131,1019.79659893,979.208326563,1999.0049255,999.502462748,0.337984212527,0.0924156574758,0.430399870003,0.215199935002,0.0,0.0,0.0,0.0,0.662015787473,0.907584342524,1.56960013,0.784800064998,1.0,1.0,2.0,1.0,42.713912594,38.6655148249,81.3794274189,40.6897137095,42.7437869525,38.7041444865,81.447931439,40.7239657195,0.919872244586,0.926817462731,1.84668970732,0.923344853658,0.91982145415,0.92674944012,1.84657089427,0.923285447135,7.74281134566,7.74281134566,15.4856226913,7.74281134566,7.74281134566,7.74281134566,15.4856226913,7.74281134566,0.246972166706,0.202068136396,0.449040303102,0.224520151551,0.250112206259,0.205756113173,0.455868319431,0.227934159716,0.247489715314,0.202491585257,0.449981300571,0.224990650285,0.250636323778,0.206187274791,0.456823598569,0.228411799284,8.07040991313,6.07338222061,14.1437921337,7.07189606687,8.06830805093,6.06772159697,14.1360296479,7.06801482395,0.0131973737903,0.0131973737903,0.0263947475805,0.0131973737903,0.0131973737903,0.0131973737903,0.0263947475805,0.0131973737903,1.0,1.0,2.0,1.0,1.0,0.994851749144,1.99485174914,0.997425874572
Standard,Standard  [ 1.  0.8] air flow MD,[ 1.2  0.8],-1.72294676304e-08,0,0.2,3048.67902665,0.0250281138237,365.854626086,0.210592368828,0.140394912552,0.35098728138,0.17549364069,0.210592368828,0.140394912552,0.35098728138,0.17549364069,275.15,275.15,550.3,275.15,272.650645469,269.764430176,542.415075645,271.207537823,101.325,101.325,202.65,101.325,101.325,101.325,202.65,101.325,0.48,0.48,0.96,0.48,0.57772883908,0.735248710898,1.31297754998,0.656488774989,1,1,2,1.0,1,1,2,1.0,2,2,4,2.0,2,2,4,2.0,1,1,2,1.0,1,1,2,1.0,2.7432,2.7432,5.4864,2.7432,2.7432,2.7432,5.4864,2.7432,0.01307,0.01307,0.02614,0.01307,0.01307,0.01307,0.02614,0.01307,0.01207,0.01207,0.02414,0.01207,0.01207,0.01207,0.02414,0.01207,0.03303,0.03303,0.06606,0.03303,0.03303,0.03303,0.06606,0.03303,0.02285,0.02285,0.0457,0.02285,0.02285,0.02285,0.0457,0.02285,8.92282682896,0.946394222039,9.869221051,4.9346105255,-0.349942611604,-0.433153027323,-0.783095638927,-0.391547819464,8,8,16,8.0,8,8,16,8.0,0.00065,0.00065,0.0013,0.00065,0.00065,0.00065,0.0013,0.00065,0.0031,0.0031,0.0062,0.0031,0.0031,0.0031,0.0062,0.0031,0.000198,0.000198,0.000396,0.000198,0.000198,0.000198,0.000396,0.000198,237,237,474,237.0,237,237,474,237.0,0.0125140569118,0.0125140569118,0.0250281138237,0.0125140569118,0.0125140569118,0.0125140569118,0.0250281138237,0.0125140569118,679.866592122,976.643891445,1656.51048357,828.255241783,891.150874537,501.017668543,1392.16854308,696.08427154,105.541391838,12.1854852808,117.726877118,58.8634385592,0.0,0.0,0.0,0.0,574.325200284,964.458406164,1538.78360645,769.391803224,891.150874537,501.017668543,1392.16854308,696.08427154,263.956049385,263.856304795,527.812354181,263.90617709,263.728210592,263.728210592,527.456421184,263.728210592,273.02571281,265.049280203,538.074993013,269.037496507,263.75294337,263.669732954,527.422676323,263.711338162,272.650645469,269.764430176,542.415075645,271.207537823,269.404297556,267.100076501,536.504374057,268.252187028,-2525.16416394,-3043.17065115,-5568.33481509,-2784.16740755,-3089.24738132,-2836.06452342,-5925.31190474,-2962.65595237,-1086.97578035,-66.4221888511,-1153.3979692,-576.698984601,0.0,0.0,0.0,0.0,-1438.18838359,-2976.7484623,-4414.93684589,-2207.46842295,-3089.24738132,-2836.06452342,-5925.31190474,-2962.65595237,0.018041126316,0.0298168240803,0.0478579503963,0.0239289751981,0.061252289033,0.0762727961474,0.13752508518,0.0687625425902,0.00705546645363,0.00045186187953,0.00750732833316,0.00375366416658,0.0,0.0,0.0,0.0,0.0109856598623,0.0293649622008,0.0403506220631,0.0201753110316,0.061252289033,0.0762727961474,0.13752508518,0.0687625425902,230.018345804,230.018345804,460.036691609,230.018345804,0.0,0.0,0.0,0.0,1064.96019739,1067.40172483,2132.36192221,1066.18096111,1004.14232761,928.129917763,1932.27224538,966.136122688,0.510304498812,0.0319239073329,0.542228406145,0.271114203073,0.0,0.0,0.0,0.0,0.489695501188,0.968076092667,1.45777159385,0.728885796927,1.0,1.0,2.0,1.0,44.5985511025,36.4704357822,81.0689868848,40.5344934424,44.6211914347,36.5103735557,81.1315649904,40.5657824952,0.91668114739,0.930635725951,1.84731687334,0.923658436671,0.916642972916,0.930562786794,1.84720575971,0.923602879855,7.74281134566,7.74281134566,15.4856226913,7.74281134566,7.74281134566,7.74281134566,15.4856226913,7.74281134566,0.269424181861,0.179616121241,0.449040303102,0.224520151551,0.27190275004,0.183215017386,0.455117767426,0.227558883713,0.269988780342,0.179992520228,0.449981300571,0.224990650285,0.272472534672,0.183598941909,0.456071476581,0.228035738291,9.1451429335,5.14030513096,14.2854480645,7.14272403223,9.14645890576,5.13631897634,14.2827778821,7.14138894105,0.0125140569118,0.0125140569118,0.0250281138237,0.0125140569118,0.0125140569118,0.0125140569118,0.0250281138237,0.0125140569118,1.0,1.0,2.0,1.0,1.0,0.983616652351,1.98361665235,0.991808326175
Standard,Standard  [ 1.  0.7] air flow MD,[ 1.3  0.7],-1.0333606042e-06,0,0.3,2802.874406,0.0230101821324,365.854626085,0.228141732897,0.122845548483,0.35098728138,0.17549364069,0.228141732897,0.122845548483,0.35098728138,0.17549364069,275.15,275.15,550.3,275.15,273.579377767,269.391396761,542.970774528,271.485387264,101.325,101.325,202.65,101.325,101.325,101.325,202.65,101.325,0.48,0.48,0.96,0.48,0.537414809931,0.758807793994,1.29622260393,0.648111301963,1,1,2,1.0,1,1,2,1.0,2,2,4,2.0,2,2,4,2.0,1,1,2,1.0,1,1,2,1.0,2.7432,2.7432,5.4864,2.7432,2.7432,2.7432,5.4864,2.7432,0.01307,0.01307,0.02614,0.01307,0.01307,0.01307,0.02614,0.01307,0.01207,0.01207,0.02414,0.01207,0.01207,0.01207,0.02414,0.01207,0.03303,0.03303,0.06606,0.03303,0.03303,0.03303,0.06606,0.03303,0.02285,0.02285,0.0457,0.02285,0.02285,0.02285,0.0457,0.02285,9.97344542697,-0.0704450623033,9.90300036467,4.95150018233,-0.272157043347,-0.412975645365,-0.685132688712,-0.342566344356,8,8,16,8.0,8,8,16,8.0,0.00065,0.00065,0.0013,0.00065,0.00065,0.00065,0.0013,0.00065,0.0031,0.0031,0.0062,0.0031,0.0031,0.0031,0.0062,0.0031,0.000198,0.000198,0.000396,0.000198,0.000198,0.000198,0.000396,0.000198,237,237,474,237.0,237,237,474,237.0,0.0115050910662,0.0115050910662,0.0230101821324,0.0115050910662,0.0115050910662,0.0115050910662,0.0230101821324,0.0115050910662,462.838719402,913.755044181,1376.59376358,688.296881791,992.666087276,433.614555144,1426.28064242,713.14032121,108.185083343,0.0498760649506,108.234959408,54.1174797039,0.0,0.0,0.0,0.0,354.653636059,913.705168116,1268.35880418,634.179402088,992.666087276,433.614555144,1426.28064242,713.14032121,264.00426055,263.848794221,527.853054771,263.926527386,263.728210592,263.728210592,527.456421184,263.728210592,274.076331408,264.032440919,538.108772327,269.054386163,263.830728938,263.689910336,527.520639274,263.760319637,273.579377767,269.391396761,542.970774528,271.485387264,270.230023715,266.795476194,537.025499909,268.512749954,-2054.40353308,-2624.42491087,-4678.82844395,-2339.41422198,-2641.46949017,-2415.90002517,-5057.36951533,-2528.68475767,-1271.9168152,-0.239013829225,-1272.15582903,-636.077914515,0.0,0.0,0.0,0.0,-782.486717882,-2624.18589704,-3406.67261493,-1703.33630746,-2641.46949017,-2415.90002517,-5057.36951533,-2528.68475767,0.015507871564,0.0310399858258,0.0465478573898,0.0232739286949,0.0555625591375,0.0776403158226,0.13320287496,0.06660143748,0.00954265857962,1.90249157244e-06,0.00954456107119,0.0047722805356,0.0,0.0,0.0,0.0,0.00596521298439,0.0310380833342,0.0370032963186,0.0185016481593,0.0555625591375,0.0776403158226,0.13320287496,0.06660143748,215.097803744,215.097803744,430.195607488,215.097803744,0.0,0.0,0.0,0.0,967.983779038,996.232041799,1964.21582084,982.107910418,965.765390633,861.444523697,1827.20991433,913.604957165,0.692249990929,0.00013398981796,0.692383980747,0.346191990373,0.0,0.0,0.0,0.0,0.307750009071,0.999866010182,1.30761601925,0.653808009627,1.0,1.0,2.0,1.0,46.4055966816,34.1321980625,80.5377947442,40.2688973721,46.4203951114,34.1721696897,80.5925648011,40.2962824005,0.913646126665,0.934744375371,1.84839050204,0.924195251018,0.913621370994,0.93467128021,1.8482926512,0.924146325602,7.74281134566,7.74281134566,15.4856226913,7.74281134566,7.74281134566,7.74281134566,15.4856226913,7.74281134566,0.291876197017,0.157164106086,0.449040303102,0.224520151551,0.293557783599,0.16053595691,0.454093740509,0.227046870255,0.292487845371,0.1574934552,0.449981300571,0.224990650285,0.294172951379,0.160872356013,0.455045307392,0.227522653696,10.2787868597,4.24602831193,14.5248151716,7.26240758582,10.2824327438,4.24569560553,14.5281283493,7.26406417467,0.0115050910662,0.0115050910662,0.0230101821324,0.0115050910662,0.0115050910662,0.0115050910662,0.0230101821324,0.0115050910662,1.0,1.0,2.0,1.0,1.0,0.970250561089,1.97025056109,0.985125280544
Standard,Standard  [ 1.  0.6] air flow MD,[ 1.4  0.6],-1.91444996744e-06,0,0.4,2504.8301758,0.0205633896522,365.854626084,0.245691096966,0.105296184414,0.35098728138,0.17549364069,0.245691096966,0.105296184414,0.35098728138,0.17549364069,275.15,275.15,550.3,275.15,274.388196967,269.054847967,543.443044934,271.721522467,101.325,101.325,202.65,101.325,101.325,101.325,202.65,101.325,0.48,0.48,0.96,0.48,0.506947044984,0.780768172332,1.28771521732,0.643857608658,1,1,2,1.0,1,1,2,1.0,2,2,4,2.0,2,2,4,2.0,1,1,2,1.0,1,1,2,1.0,2.7432,2.7432,5.4864,2.7432,2.7432,2.7432,5.4864,2.7432,0.01307,0.01307,0.02614,0.01307,0.01307,0.01307,0.02614,0.01307,0.01207,0.01207,0.02414,0.01207,0.01207,0.01207,0.02414,0.01207,0.03303,0.03303,0.06606,0.03303,0.03303,0.03303,0.06606,0.03303,0.02285,0.02285,0.0457,0.02285,0.02285,0.02285,0.0457,0.02285,10.5367154358,-0.14067180422,10.3960436315,5.19802181577,-0.185699999053,-0.388411058817,-0.57411105787,-0.287055528935,8,8,16,8.0,8,8,16,8.0,0.00065,0.00065,0.0013,0.00065,0.00065,0.00065,0.0013,0.00065,0.0031,0.0031,0.0062,0.0031,0.0031,0.0031,0.0062,0.0031,0.000198,0.000198,0.000396,0.000198,0.000198,0.000198,0.000396,0.000198,237,237,474,237.0,237,237,474,237.0,0.0102816948261,0.0102816948261,0.0205633896522,0.0102816948261,0.0102816948261,0.0102816948261,0.0205633896522,0.0102816948261,241.760487761,828.992083745,1070.75257151,535.376285753,1064.26348117,369.814123122,1434.07760429,717.038802147,101.971767196,0.0,101.971767196,50.9858835979,0.0,0.0,0.0,0.0,139.788720565,828.992083745,968.780804309,484.390402155,1064.26348117,369.814123122,1434.07760429,717.038802147,264.05938671,263.843288867,527.902675577,263.951337789,263.728210592,263.728210592,527.456421184,263.728210592,274.639601417,263.962214177,538.601815594,269.300907797,263.917185982,263.714474922,527.631660904,263.815830452,274.388196967,269.054847967,543.443044934,271.721522467,271.043910037,266.516101781,537.560011818,268.780005909,-1581.34557078,-2119.05703834,-3700.40260912,-1850.20130456,-2166.40914623,-1959.34785605,-4125.75700229,-2062.87850114,-1308.20390862,0.0,-1308.20390862,-654.101954312,0.0,0.0,0.0,0.0,-273.141662159,-2119.05703834,-2392.1987005,-1196.09935025,-2166.40914623,-1959.34785605,-4125.75700229,-2062.87850114,0.014098984781,0.0316839166298,0.0457829014108,0.0228914507054,0.0499406697573,0.0786690121595,0.128609681917,0.0643048409584,0.0119673478438,0.0,0.0119673478438,0.0059836739219,0.0,0.0,0.0,0.0,0.00213163693721,0.0316839166298,0.033815553567,0.0169077767835,0.0499406697573,0.0786690121595,0.128609681917,0.0643048409584,196.673292085,0.0,196.673292085,98.3366460425,0.0,0.0,0.0,0.0,806.640541014,930.045350893,1736.68589191,868.342945953,905.138920308,783.038806667,1688.17772698,844.088863488,0.869507026426,0.0,0.869507026426,0.434753513213,0.0,0.0,0.0,0.0,0.130492973574,1.0,1.13049297357,0.565246486787,1.0,1.0,2.0,1.0,48.1438710143,31.6186992749,79.7625702893,39.8812851446,48.1513151842,31.6578961897,79.8092113739,39.9046056869,0.910749159133,0.939209308412,1.84995846754,0.924979233772,0.910736800039,0.939138249129,1.84987504917,0.924937524584,7.74281134566,7.74281134566,15.4856226913,7.74281134566,7.74281134566,7.74281134566,15.4856226913,7.74281134566,0.314328212172,0.134712090931,0.449040303102,0.224520151551,0.315203968386,0.137775013201,0.452978981587,0.226489490794,0.3149869104,0.134994390171,0.449981300571,0.224990650285,0.31586450024,0.138063715753,0.453928215993,0.226964107996,11.4773987772,3.39034243482,14.867741212,7.43387060601,11.4810674483,3.39470382437,14.8757712727,7.43788563634,0.0102816948261,0.0102816948261,0.0205633896522,0.0102816948261,0.0102816948261,0.0102816948261,0.0205633896522,0.0102816948261,1.0,1.0,2.0,1.0,1.0,0.954835545991,1.95483554599,0.977417772996
Standard,Standard  [ 1.  0.5] air flow MD,[ 1.5  0.5],-3.92034417018e-06,0,0.5,2150.11673948,0.0176513716344,365.854626082,0.263240461035,0.087746820345,0.35098728138,0.17549364069,0.263240461035,0.087746820345,0.35098728138,0.17549364069,275.15,275.15,550.3,275.15,274.886027375,268.797281297,543.683308672,271.841654336,101.325,101.325,202.65,101.325,101.325,101.325,202.65,101.325,0.48,0.48,0.96,0.48,0.489152755269,0.79804179371,1.28719454898,0.643597274489,1,1,2,1.0,1,1,2,1.0,2,2,4,2.0,2,2,4,2.0,1,1,2,1.0,1,1,2,1.0,2.7432,2.7432,5.4864,2.7432,2.7432,2.7432,5.4864,2.7432,0.01307,0.01307,0.02614,0.01307,0.01307,0.01307,0.02614,0.01307,0.01207,0.01207,0.02414,0.01207,0.01207,0.01207,0.02414,0.01207,0.03303,0.03303,0.06606,0.03303,0.03303,0.03303,0.06606,0.03303,0.02285,0.02285,0.0457,0.02285,0.02285,0.02285,0.0457,0.02285,10.7908491737,-0.106903479586,10.6839456941,5.34197284705,-0.107993414074,-0.36067157282,-0.468664986894,-0.234332493447,8,8,16,8.0,8,8,16,8.0,0.00065,0.00065,0.0013,0.00065,0.00065,0.00065,0.0013,0.00065,0.0031,0.0031,0.0062,0.0031,0.0031,0.0031,0.0062,0.0031,0.000198,0.000198,0.000396,0.000198,0.000198,0.000198,0.000396,0.000198,237,237,474,237.0,237,237,474,237.0,0.00882568581719,0.00882568581719,0.0176513716344,0.00882568581719,0.00882568581719,0.00882568581719,0.0176513716344,0.00882568581719,89.7562583424,720.019436065,809.775694407,404.887847204,1033.32375107,307.017294004,1340.34104508,670.170522538,89.5357720672,0.0,89.5357720672,44.7678860336,0.0,0.0,0.0,0.0,0.220486275181,720.019436065,720.23992234,360.11996117,1033.32375107,307.017294004,1340.34104508,670.170522538,264.102806052,263.839508996,527.942315048,263.971157524,263.728210592,263.728210592,527.456421184,263.728210592,274.893735155,263.995982502,538.889717656,269.444858828,263.994892567,263.742214408,527.737106975,263.868553488,274.886027375,268.797281297,543.683308672,271.841654336,271.849941054,266.301956592,538.151897646,269.075948823,-1145.80246613,-1594.03320015,-2739.83566628,-1369.91783314,-1645.36166827,-1480.47521582,-3125.83688408,-1562.91844204,-1144.92494115,0.0,-1144.92494115,-572.462470576,0.0,0.0,0.0,0.0,-0.877524977418,-1594.03320015,-1594.91072513,-797.455362564,-1645.36166827,-1480.47521582,-3125.83688408,-1562.91844204,0.0137541795265,0.0321056162988,0.0458597958252,0.0229298979126,0.0460459236323,0.0793886586749,0.125434582307,0.0627172911536,0.0137441201855,0.0,0.0137441201855,0.00687206009275,0.0,0.0,0.0,0.0,1.00593409628e-05,0.0321056162988,0.0321156756397,0.0160578378199,0.0460459236323,0.0793886586749,0.125434582307,0.0627172911536,174.193669081,0.0,174.193669081,87.0968345403,0.0,0.0,0.0,0.0,150.042440054,803.259333665,953.301773719,476.65088686,762.642367136,673.027128942,1435.66949608,717.834748039,0.99929173097,0.0,0.99929173097,0.499645865485,0.0,0.0,0.0,0.0,0.000708269030237,1.0,1.00070826903,0.500354134515,1.0,1.0,2.0,1.0,49.8206422977,28.8836966649,78.7043389626,39.3521694813,49.8233110834,28.921019622,78.7443307054,39.3721653527,0.907975409171,0.94412554005,1.85210094922,0.92605047461,0.907973606683,0.944119819294,1.85209342598,0.926046712988,7.74281134566,7.74281134566,15.4856226913,7.74281134566,7.74281134566,7.74281134566,15.4856226913,7.74281134566,0.336780227327,0.112260075776,0.449040303102,0.224520151551,0.337104767767,0.114922939427,0.452027707194,0.226013853597,0.337485975428,0.112495325143,0.449981300571,0.224990650285,0.33781119589,0.115163755248,0.452974951138,0.226487475569,12.7466853168,2.57767343767,15.3243587545,7.66217937723,12.7488130281,2.58647592872,15.3352889568,7.66764447839,0.00882568581719,0.00882568581719,0.0176513716344,0.00882568581719,0.00882568581719,0.00882568581719,0.0176513716344,0.00882568581719,1.0,1.0,2.0,1.0,1.0,0.94295723555,1.94295723555,0.971478617775
Interleaved,Interleaved  [ 1. 1.] air flow MD,[ 1.  1.],1.02911144495e-07,0,0.0,3274.43724368,0.0268814746716,365.854626086,0.17549364069,0.17549364069,0.35098728138,0.17549364069,0.17549364069,0.17549364069,0.35098728138,0.17549364069,275.15,275.15,550.3,275.15,270.876732008,270.876732008,541.753464016,270.876732008,101.325,101.325,202.65,101.325,101.325,101.325,202.65,101.325,0.48,0.48,0.96,0.48,0.669600094784,0.669600094784,1.33920018957,0.669600094784,1,1,2,1.0,1,1,2,1.0,2,2,4,2.0,2,2,4,2.0,1,1,2,1.0,1,1,2,1.0,2.7432,2.7432,5.4864,2.7432,2.7432,2.7432,5.4864,2.7432,0.01307,0.01307,0.02614,0.01307,0.01307,0.01307,0.02614,0.01307,0.01207,0.01207,0.02414,0.01207,0.01207,0.01207,0.02414,0.01207,0.03303,0.03303,0.06606,0.03303,0.03303,0.03303,0.06606,0.03303,0.02285,0.02285,0.0457,0.02285,0.02285,0.02285,0.0457,0.02285,4.91293915509,4.91293915509,9.82587831018,4.91293915509,-0.434749951397,-0.434749951397,-0.869499902795,-0.434749951397,8,8,16,8.0,8,8,16,8.0,0.00065,0.00065,0.0013,0.00065,0.00065,0.00065,0.0013,0.00065,0.0031,0.0031,0.0062,0.0031,0.0031,0.0031,0.0062,0.0031,0.000198,0.000198,0.000396,0.000198,0.000198,0.000198,0.000396,0.000198,237,237,474,237.0,237,237,474,237.0,0.0134407373358,0.0134407373358,0.0268814746716,0.0134407373358,0.0134407373358,0.0134407373358,0.0268814746716,0.0134407373358,968.667480328,968.667480328,1937.33496066,968.667480328,668.551141511,668.551141511,1337.10228302,668.551141511,63.2223444357,63.2223444357,126.444688871,63.2223444357,0.0,0.0,0.0,0.0,905.445135892,905.445135892,1810.89027178,905.445135892,668.551141511,668.551141511,1337.10228302,668.551141511,263.887353064,263.887353064,527.774706129,263.887353064,263.728210592,263.728210592,527.456421184,263.728210592,269.015825136,269.015825136,538.031650273,269.015825136,263.66813603,263.66813603,527.33627206,263.66813603,270.876732008,270.876732008,541.753464016,270.876732008,267.973209944,267.973209944,535.946419887,267.973209944,-3285.67914375,-3285.67914375,-6571.3582875,-3285.67914375,-3331.7357338,-3331.7357338,-6663.47146759,-3331.7357338,-464.254457779,-464.254457779,-928.508915559,-464.254457779,0.0,0.0,0.0,0.0,-2821.42468597,-2821.42468597,-5642.84937195,-2821.42468597,-3331.7357338,-3331.7357338,-6663.47146759,-3331.7357338,0.0249552922299,0.0249552922299,0.0499105844597,0.0249552922299,0.071019441456,0.071019441456,0.142038882912,0.071019441456,0.00271289737807,0.00271289737807,0.00542579475614,0.00271289737807,0.0,0.0,0.0,0.0,0.0222423948518,0.0222423948518,0.0444847897036,0.0222423948518,0.071019441456,0.071019441456,0.142038882912,0.071019441456,243.526955093,243.526955093,487.053910185,243.526955093,0.0,0.0,0.0,0.0,1135.60178027,1135.60178027,2271.20356054,1135.60178027,1010.73994367,1010.73994367,2021.47988735,1010.73994367,0.193955038366,0.193955038366,0.387910076732,0.193955038366,0.0,0.0,0.0,0.0,0.806044961634,0.806044961634,1.61208992327,0.806044961634,1.0,1.0,2.0,1.0,40.7407974167,40.7407974167,81.4815948335,40.7407974167,40.776182557,40.776182557,81.5523651139,40.776182557,0.923241675205,0.923241675205,1.84648335041,0.923241675205,0.923179328601,0.923179328601,1.8463586572,0.923179328601,7.74281134566,7.74281134566,15.4856226913,7.74281134566,7.74281134566,7.74281134566,15.4856226913,7.74281134566,0.224520151551,0.224520151551,0.449040303102,0.224520151551,0.228074888656,0.228074888656,0.456149777312,0.228074888656,0.224990650285,0.224990650285,0.449981300571,0.224990650285,0.228552822578,0.228552822578,0.457105645156,0.228552822578,7.04843733583,7.04843733583,14.0968746717,7.04843733583,7.04354464738,7.04354464738,14.0870892948,7.04354464738,0.0134407373358,0.0134407373358,0.0268814746716,0.0134407373358,0.0134407373358,0.0134407373358,0.0268814746716,0.0134407373358,1.0,1.0,2.0,1.0,1.0,1.0,2.0,1.0
Interleaved,Interleaved  [ 1.   0.95] air flow MD,[ 1.05  0.95],-3.16009391099e-07,0,0.05,3272.16679595,0.0268628354483,365.854626085,0.184268322725,0.166718958655,0.35098728138,0.17549364069,0.166718958655,0.184268322725,0.35098728138,0.17549364069,275.15,275.15,550.3,275.15,270.765277839,270.983728634,541.749006473,270.874503237,101.325,101.325,202.65,101.325,101.325,101.325,202.65,101.325,0.48,0.48,0.96,0.48,0.675881120112,0.663630000004,1.33951112012,0.669755560058,1,1,2,1.0,1,1,2,1.0,2,2,4,2.0,2,2,4,2.0,1,1,2,1.0,1,1,2,1.0,2.7432,2.7432,5.4864,2.7432,2.7432,2.7432,5.4864,2.7432,0.01307,0.01307,0.02614,0.01307,0.01307,0.01307,0.02614,0.01307,0.01207,0.01207,0.02414,0.01207,0.01207,0.01207,0.02414,0.01207,0.03303,0.03303,0.06606,0.03303,0.03303,0.03303,0.06606,0.03303,0.02285,0.02285,0.0457,0.02285,0.02285,0.02285,0.0457,0.02285,4.83725877582,4.98936949445,9.82662827027,4.91331413514,-0.439102441031,-0.42979336091,-0.868895801941,-0.43444790097,8,8,16,8.0,8,8,16,8.0,0.00065,0.00065,0.0013,0.00065,0.00065,0.00065,0.0013,0.00065,0.0031,0.0031,0.0062,0.0031,0.0031,0.0031,0.0062,0.0031,0.000198,0.000198,0.000396,0.000198,0.000198,0.000198,0.000396,0.000198,237,237,474,237.0,237,237,474,237.0,0.0134314177242,0.0134314177242,0.0268628354483,0.0134314177242,0.0134314177242,0.0134314177242,0.0268628354483,0.0134314177242,991.634078018,944.235392333,1935.86947035,967.934735175,643.499653241,692.797672358,1336.2973256,668.1486628,62.2288402795,64.1281736738,126.357013953,63.1785069766,0.0,0.0,0.0,0.0,929.405237739,880.107218659,1809.5124564,904.756228199,643.499653241,692.797672358,1336.2973256,668.1486628,263.881496073,263.893239157,527.774735231,263.887367615,263.728210592,263.728210592,527.456421184,263.728210592,268.940144757,269.092255476,538.032400233,269.016200116,263.66378354,263.67309262,527.33687616,263.66843808,270.983728634,270.765277839,541.749006473,270.874503237,267.82565433,268.117049054,535.942703384,267.971351692,-3292.45154828,-3250.79736335,-6543.24891162,-3271.62445581,-3308.77645971,-3345.98272771,-6654.75918743,-3327.37959371,-450.608429614,-477.097930448,-927.706360062,-463.853180031,0.0,0.0,0.0,0.0,-2841.84311866,-2773.6994329,-5615.54255156,-2807.77127578,-3308.77645971,-3345.98272771,-6654.75918743,-3327.37959371,0.0254309828902,0.024488777927,0.0499197608172,0.0249598804086,0.0719644523528,0.0700896998827,0.142054152235,0.0710270761177,0.00263761166859,0.00279018333174,0.00542779500034,0.00271389750017,0.0,0.0,0.0,0.0,0.0227933712216,0.0216985945952,0.0444919658169,0.0222459829084,0.0719644523528,0.0700896998827,0.142054152235,0.0710270761177,243.391970218,243.391970218,486.783940436,243.391970218,0.0,0.0,0.0,0.0,1134.3099584,1135.45557016,2269.76552856,1134.88276428,1005.09144276,1015.19919446,2020.29063722,1010.14531861,0.188530643324,0.199524854206,0.38805549753,0.194027748765,0.0,0.0,0.0,0.0,0.811469356676,0.800475145794,1.61194450247,0.805972251235,1.0,1.0,2.0,1.0,41.7391935929,39.7169196999,81.4561132929,40.7280566464,39.752316763,41.7745367437,81.5268535068,40.7634267534,0.921533074292,0.925001741376,1.84653481567,0.923267407834,0.924942726978,0.921470540586,1.84641326756,0.923206633782,7.74281134566,7.74281134566,15.4856226913,7.74281134566,7.74281134566,7.74281134566,15.4856226913,7.74281134566,0.235746159129,0.213294143974,0.449040303102,0.224520151551,0.216760659334,0.239383729441,0.456144388775,0.228072194388,0.2362401828,0.213741117771,0.449981300571,0.224990650285,0.217214883438,0.239885361914,0.457100245352,0.228550122676,7.55320684924,6.55538357597,14.1085904252,7.05429521261,6.55008451311,7.54927463545,14.0993591486,7.04967957428,0.0134314177242,0.0134314177242,0.0268628354483,0.0134314177242,0.0134314177242,0.0134314177242,0.0268628354483,0.0134314177242,1.0,1.0,2.0,1.0,0.999666788227,1.0,1.99966678823,0.999833394114
Interleaved,Interleaved  [ 1.  0.9] air flow MD,[ 1.1  0.9],-1.91241269931e-06,0,0.1,3265.55259473,0.0268085361978,365.854626084,0.193043004759,0.157944276621,0.35098728138,0.17549364069,0.157944276621,0.193043004759,0.35098728138,0.17549364069,275.15,275.15,550.3,275.15,270.648050397,271.087245336,541.735295733,270.867647866,101.325,101.325,202.65,101.325,101.325,101.325,202.65,101.325,0.48,0.48,0.96,0.48,0.682556759575,0.657909171837,1.34046593141,0.670232965706,1,1,2,1.0,1,1,2,1.0,2,2,4,2.0,2,2,4,2.0,1,1,2,1.0,1,1,2,1.0,2.7432,2.7432,5.4864,2.7432,2.7432,2.7432,5.4864,2.7432,0.01307,0.01307,0.02614,0.01307,0.01307,0.01307,0.02614,0.01307,0.01207,0.01207,0.02414,0.01207,0.01207,0.01207,0.02414,0.01207,0.03303,0.03303,0.06606,0.03303,0.03303,0.03303,0.06606,0.03303,0.02285,0.02285,0.0457,0.02285,0.02285,0.02285,0.0457,0.02285,4.76442728852,5.06287100896,9.82729829748,4.91364914874,-0.442869153846,-0.424246935628,-0.867116089474,-0.433558044737,8,8,16,8.0,8,8,16,8.0,0.00065,0.00065,0.0013,0.00065,0.00065,0.00065,0.0013,0.00065,0.0031,0.0031,0.0062,0.0031,0.0031,0.0031,0.0062,0.0031,0.000198,0.000198,0.000396,0.000198,0.000198,0.000198,0.000396,0.000198,237,237,474,237.0,237,237,474,237.0,0.0134042680989,0.0134042680989,0.0268085361978,0.0134042680989,0.0134042680989,0.0134042680989,0.0268085361978,0.0134042680989,1013.04298341,918.454674055,1931.49765747,965.748828733,617.870699463,716.184237804,1334.05493727,667.027468633,61.1881862319,64.9134156561,126.101601888,63.050800944,0.0,0.0,0.0,0.0,951.854797179,853.541258399,1805.39605558,902.698027789,617.870699463,716.184237804,1334.05493727,667.027468633,263.875689209,263.899155518,527.774844726,263.887422363,263.728210592,263.728210592,527.456421184,263.728210592,268.86731327,269.16575699,538.03307026,269.01653513,263.660016827,263.678639046,527.338655873,263.669327936,271.087245336,270.648050397,541.735295733,270.867647866,267.675003161,268.257417638,535.932420799,267.966210399,-3290.78936781,-3227.76022387,-6518.54959167,-3259.27479584,-3277.70201833,-3351.75075057,-6629.4527689,-3314.72638445,-436.597665052,-488.80322526,-925.400890312,-462.700445156,0.0,0.0,0.0,0.0,-2854.19170275,-2738.95699861,-5593.14870136,-2796.57435068,-3277.70201833,-3351.75075057,-6629.4527689,-3314.72638445,0.0259126164444,0.024032853179,0.0499454696234,0.0249727348117,0.0729216432415,0.069174650745,0.142096293986,0.0710481469932,0.00256600695118,0.00286781553336,0.00543382248454,0.00271691124227,0.0,0.0,0.0,0.0,0.0233466094932,0.0211650376457,0.0445116471389,0.0222558235694,0.0729216432415,0.069174650745,0.142096293986,0.0710481469932,242.998638169,242.998638169,485.997276338,242.998638169,0.0,0.0,0.0,0.0,1131.64900269,1133.91455549,2265.56355818,1132.78177909,998.339419449,1018.4999266,2016.83934604,1008.41967302,0.183373099916,0.205120301379,0.388493401295,0.194246700648,0.0,0.0,0.0,0.0,0.816626900084,0.794879698621,1.6115065987,0.805753299352,1.0,1.0,2.0,1.0,42.713912594,38.6655148249,81.3794274189,40.6897137095,38.700897691,42.7491810683,81.4500787593,40.7250393797,0.919872244586,0.926817462731,1.84668970732,0.923344853658,0.92675752103,0.919812284139,1.84656980517,0.923284902584,7.74281134566,7.74281134566,15.4856226913,7.74281134566,7.74281134566,7.74281134566,15.4856226913,7.74281134566,0.246972166706,0.202068136396,0.449040303102,0.224520151551,0.205441476104,0.250686840646,0.45612831675,0.228064158375,0.247489715314,0.202491585257,0.449981300571,0.224990650285,0.205871980032,0.251212159691,0.457084139723,0.228542069861,8.07040991313,6.07338222061,14.1437921337,7.07189606687,6.06820874925,8.06800255015,14.1362112994,7.0681056497,0.0134042680989,0.0134042680989,0.0268085361978,0.0134042680989,0.0134042680989,0.0134042680989,0.0268085361978,0.0134042680989,1.0,1.0,2.0,1.0,0.997982868159,1.0,1.99798286816,0.99899143408
Interleaved,Interleaved  [ 1.  0.8] air flow MD,[ 1.2  0.8],-3.28401802108e-06,0,0.2,3238.5773902,0.0265870834005,365.854626082,0.210592368828,0.140394912552,0.35098728138,0.17549364069,0.140394912552,0.210592368828,0.35098728138,0.17549364069,275.15,275.15,550.3,275.15,270.393531493,271.285517412,541.679048904,270.839524452,101.325,101.325,202.65,101.325,101.325,101.325,202.65,101.325,0.48,0.48,0.96,0.48,0.697298963557,0.647100989265,1.34439995282,0.672199976411,1,1,2,1.0,1,1,2,1.0,2,2,4,2.0,2,2,4,2.0,1,1,2,1.0,1,1,2,1.0,2.7432,2.7432,5.4864,2.7432,2.7432,2.7432,5.4864,2.7432,0.01307,0.01307,0.02614,0.01307,0.01307,0.01307,0.02614,0.01307,0.01207,0.01207,0.02414,0.01207,0.01207,0.01207,0.02414,0.01207,0.03303,0.03303,0.06606,0.03303,0.03303,0.03303,0.06606,0.03303,0.02285,0.02285,0.0457,0.02285,0.02285,0.02285,0.0457,0.02285,4.62506672205,5.20540855264,9.83047527469,4.91523763734,-0.448734040333,-0.411173372823,-0.859907413156,-0.429953706578,8,8,16,8.0,8,8,16,8.0,0.00065,0.00065,0.0013,0.00065,0.00065,0.00065,0.0013,0.00065,0.0031,0.0031,0.0062,0.0031,0.0031,0.0031,0.0062,0.0031,0.000198,0.000198,0.000396,0.000198,0.000198,0.000198,0.000396,0.000198,237,237,474,237.0,237,237,474,237.0,0.0132935417002,0.0132935417002,0.0265870834005,0.0132935417002,0.0132935417002,0.0132935417002,0.0265870834005,0.0132935417002,1051.2044511,862.55977819,1913.76422929,956.882114647,564.498597376,760.314563527,1324.8131609,662.406580451,58.9443210088,66.1156144021,125.059935411,62.5299677055,0.0,0.0,0.0,0.0,992.260130094,796.444163788,1788.70429388,894.352146941,564.498597376,760.314563527,1324.8131609,662.406580451,263.864072192,263.911200512,527.775272704,263.887636352,263.728210592,263.728210592,527.456421184,263.728210592,268.727952703,269.308294534,538.036247237,269.018123619,263.654151941,263.691712608,527.345864549,263.672932275,271.285517412,270.393531493,541.679048904,270.839524452,267.361839022,268.529655019,535.89149404,267.94574702,-3281.26648452,-3119.37500472,-6400.64148925,-3200.32074462,-3190.21929837,-3336.48869108,-6526.70798945,-3263.35399473,-407.230504771,-508.597342306,-915.827847077,-457.913923539,0.0,0.0,0.0,0.0,-2874.03597975,-2610.77766242,-5484.81364217,-2742.40682108,-3190.21929837,-3336.48869108,-6526.70798945,-3263.35399473,0.026907062803,0.0231427773709,0.0500498401739,0.025024920087,0.0749001131953,0.0673693183529,0.142269431548,0.0711347157741,0.00243133158078,0.00302624551138,0.00545757709216,0.00272878854608,0.0,0.0,0.0,0.0,0.0244757312222,0.0201165318595,0.0445922630818,0.0222961315409,0.0749001131953,0.0673693183529,0.142269431548,0.0711347157741,241.392963995,241.392963995,482.78592799,241.392963995,0.0,0.0,0.0,0.0,1122.03629108,1126.39520874,2248.43149982,1124.21574991,981.283307688,1021.46319169,2002.74649938,1001.37324969,0.173677324323,0.21654092877,0.390218253093,0.195109126546,0.0,0.0,0.0,0.0,0.826322675677,0.78345907123,1.60978174691,0.804890873454,1.0,1.0,2.0,1.0,44.5985511025,36.4704357822,81.0689868848,40.5344934424,36.5057001097,44.6335759506,81.1392760603,40.5696380301,0.91668114739,0.930635725951,1.84731687334,0.923658436671,0.930575993288,0.916622092655,1.84719808594,0.923599042971,7.74281134566,7.74281134566,15.4856226913,7.74281134566,7.74281134566,7.74281134566,15.4856226913,7.74281134566,0.269424181861,0.179616121241,0.449040303102,0.224520151551,0.182787172495,0.273275949573,0.456063122069,0.228031561034,0.269988780342,0.179992520228,0.449981300571,0.224990650285,0.183170202757,0.273848605972,0.457018808729,0.228509404364,9.1451429335,5.14030513096,14.2854480645,7.14272403223,5.13683248923,9.14746585365,14.2842983429,7.14214917144,0.0132935417002,0.0132935417002,0.0265870834005,0.0132935417002,0.0132935417002,0.0132935417002,0.0265870834005,0.0132935417002,1.0,1.0,2.0,1.0,0.991054044204,1.0,1.9910540442,0.995527022102
Interleaved,Interleaved  [ 1.  0.7] air flow MD,[ 1.3  0.7],-7.95716186985e-06,0,0.3,3192.18208177,0.0262062013638,365.854626078,0.228141732897,0.122845548483,0.35098728138,0.17549364069,0.122845548483,0.228141732897,0.35098728138,0.17549364069,275.15,275.15,550.3,275.15,270.105694145,271.475075261,541.580769406,270.790384703,101.325,101.325,202.65,101.325,101.325,101.325,202.65,101.325,0.48,0.48,0.96,0.48,0.714389795515,0.636948326379,1.35133812189,0.675669060947,1,1,2,1.0,1,1,2,1.0,2,2,4,2.0,2,2,4,2.0,1,1,2,1.0,1,1,2,1.0,2.7432,2.7432,5.4864,2.7432,2.7432,2.7432,5.4864,2.7432,0.01307,0.01307,0.02614,0.01307,0.01307,0.01307,0.02614,0.01307,0.01207,0.01207,0.02414,0.01207,0.01207,0.01207,0.02414,0.01207,0.03303,0.03303,0.06606,0.03303,0.03303,0.03303,0.06606,0.03303,0.02285,0.02285,0.0457,0.02285,0.02285,0.02285,0.0457,0.02285,4.49542520203,5.34009406472,9.83551926675,4.91775963337,-0.452515500069,-0.395115367315,-0.847630867384,-0.423815433692,8,8,16,8.0,8,8,16,8.0,0.00065,0.00065,0.0013,0.00065,0.00065,0.00065,0.0013,0.00065,0.0031,0.0031,0.0062,0.0031,0.0031,0.0031,0.0062,0.0031,0.000198,0.000198,0.000396,0.000198,0.000198,0.000198,0.000396,0.000198,237,237,474,237.0,237,237,474,237.0,0.0131031006819,0.0131031006819,0.0262062013638,0.0131031006819,0.0131031006819,0.0131031006819,0.0262062013638,0.0131031006819,1082.94497839,800.412830693,1883.35780908,941.67890454,507.998535623,800.825737068,1308.82427269,654.412136346,56.486648277,66.7816996373,123.268347914,61.6341739572,0.0,0.0,0.0,0.0,1026.45833011,733.631131056,1760.08946117,880.044730583,507.998535623,800.825737068,1308.82427269,654.412136346,263.852250931,263.923751894,527.776002825,263.888001413,263.728210592,263.728210592,527.456421184,263.728210592,268.598311183,269.442980046,538.041291229,269.020645615,263.650370481,263.707770614,527.358141095,263.679070547,271.475075261,270.105694145,541.580769406,270.790384703,267.028071825,268.793787095,535.82185892,267.91092946,-3214.43075211,-2999.09012936,-6213.52088146,-3106.76044073,-3068.06012788,-3283.66846312,-6351.728591,-3175.8642955,-376.133263515,-523.014611122,-899.147874636,-449.573937318,0.0,0.0,0.0,0.0,-2838.29748859,-2476.07551823,-5314.37300683,-2657.18650341,-3068.06012788,-3283.66846312,-6351.728591,-3175.8642955,0.027961758588,0.02226751736,0.050229275948,0.025114637974,0.0770058815845,0.0655656362147,0.142571517799,0.0712857588996,0.00230640599429,0.00319125334941,0.0054976593437,0.00274882967185,0.0,0.0,0.0,0.0,0.0256553525937,0.0190762640106,0.0447316166043,0.0223658083022,0.0770058815845,0.0655656362147,0.142571517799,0.0712857588996,238.625562888,238.625562888,477.251125776,238.625562888,0.0,0.0,0.0,0.0,1106.3939496,1112.50876752,2218.90271711,1109.45135856,959.15052324,1019.30235422,1978.45287746,989.226438731,0.164689589357,0.228436211593,0.39312580095,0.196562900475,0.0,0.0,0.0,0.0,0.835310410643,0.771563788407,1.60687419905,0.803437099525,1.0,1.0,2.0,1.0,46.4055966816,34.1321980625,80.5377947442,40.2688973721,34.1672023978,46.4402505424,80.6074529402,40.3037264701,0.913646126665,0.934744375371,1.84839050204,0.924195251018,0.934681994144,0.913588158194,1.84827015234,0.924135076169,7.74281134566,7.74281134566,15.4856226913,7.74281134566,7.74281134566,7.74281134566,15.4856226913,7.74281134566,0.291876197017,0.157164106086,0.449040303102,0.224520151551,0.160109844484,0.295841475039,0.455951319522,0.227975659761,0.292487845371,0.1574934552,0.449981300571,0.224990650285,0.160445352957,0.296461419469,0.456906772426,0.228453386213,10.2787868597,4.24602831193,14.5248151716,7.26240758582,4.2458086849,10.287970838,14.5337795229,7.26688976146,0.0131031006819,0.0131031006819,0.0262062013638,0.0131031006819,0.0131031006819,0.0131031006819,0.0262062013638,0.0131031006819,1.0,1.0,2.0,1.0,0.979261498347,1.0,1.97926149835,0.989630749173
Interleaved,Interleaved  [ 1.  0.6] air flow MD,[ 1.4  0.6],7.27945007384e-06,0,0.4,3124.28860921,0.0256488302721,365.854626093,0.245691096966,0.105296184414,0.35098728138,0.17549364069,0.105296184414,0.245691096966,0.35098728138,0.17549364069,275.15,275.15,550.3,275.15,269.77407146,271.659524691,541.433596152,270.716798076,101.325,101.325,202.65,101.325,101.325,101.325,202.65,101.325,0.48,0.48,0.96,0.48,0.734647598683,0.627235502036,1.36188310072,0.68094155036,1,1,2,1.0,1,1,2,1.0,2,2,4,2.0,2,2,4,2.0,1,1,2,1.0,1,1,2,1.0,2.7432,2.7432,5.4864,2.7432,2.7432,2.7432,5.4864,2.7432,0.01307,0.01307,0.02614,0.01307,0.01307,0.01307,0.02614,0.01307,0.01207,0.01207,0.02414,0.01207,0.01207,0.01207,0.02414,0.01207,0.03303,0.03303,0.06606,0.03303,0.03303,0.03303,0.06606,0.03303,0.02285,0.02285,0.0457,0.02285,0.02285,0.02285,0.0457,0.02285,4.37534923249,5.46708518565,9.84243441813,4.92121720907,-0.454363141959,-0.375531136538,-0.829894278497,-0.414947139249,8,8,16,8.0,8,8,16,8.0,0.00065,0.00065,0.0013,0.00065,0.00065,0.00065,0.0013,0.00065,0.0031,0.0031,0.0062,0.0031,0.0031,0.0031,0.0062,0.0031,0.000198,0.000198,0.000396,0.000198,0.000198,0.000198,0.000396,0.000198,237,237,474,237.0,237,237,474,237.0,0.0128244151361,0.0128244151361,0.0256488302721,0.0128244151361,0.0128244151361,0.0128244151361,0.0256488302721,0.0128244151361,1107.7128558,731.171622641,1838.88447845,919.442239223,447.92258916,837.481541603,1285.40413076,642.702065381,53.8144376386,66.8321566536,120.646594292,60.3232971461,0.0,0.0,0.0,0.0,1053.89841817,664.339465988,1718.23788415,859.118942077,447.92258916,837.481541603,1285.40413076,642.702065381,263.839958643,263.937146092,527.777104735,263.888552367,263.728210592,263.728210592,527.456421184,263.728210592,268.478235214,269.569971167,538.04820638,269.02410319,263.648522839,263.727354845,527.375877684,263.687938842,271.659524691,269.77407146,541.433596152,270.716798076,266.667039415,269.054025201,535.721064616,267.860532308,-3127.31196585,-2829.10713838,-5956.41910423,-2978.20955212,-2909.43074269,-3190.16218295,-6099.59292564,-3049.79646282,-343.377182177,-531.271388381,-874.648570558,-437.324285279,0.0,0.0,0.0,0.0,-2783.93478367,-2297.83575,-5081.77053367,-2540.88526684,-2909.43074269,-3190.16218295,-6099.59292564,-3049.79646282,0.0291048201036,0.0213890490916,0.0504938691952,0.0252469345976,0.0793024692192,0.0637221719931,0.143024641212,0.0715123206062,0.00218998860487,0.00336677134676,0.00555675995162,0.00277837997581,0.0,0.0,0.0,0.0,0.0269148314988,0.0180222777448,0.0449371092436,0.0224685546218,0.0793024692192,0.0637221719931,0.143024641212,0.0715123206062,234.562445825,234.562445825,469.12489165,234.562445825,0.0,0.0,0.0,0.0,1084.08429509,1091.38489075,2175.46918584,1087.73459292,931.314037924,1011.46131251,1942.77535043,971.387675217,0.156320208261,0.24108684093,0.397407049191,0.198703524595,0.0,0.0,0.0,0.0,0.843679791739,0.75891315907,1.60259295081,0.801296475405,1.0,1.0,2.0,1.0,48.1438710143,31.6186992749,79.7625702893,39.8812851446,31.653261924,48.1780160772,79.8312780012,39.9156390006,0.910749159133,0.939209308412,1.84995846754,0.924979233772,0.939142468001,0.910692473501,1.8498349415,0.924917470751,7.74281134566,7.74281134566,15.4856226913,7.74281134566,7.74281134566,7.74281134566,15.4856226913,7.74281134566,0.314328212172,0.134712090931,0.449040303102,0.224520151551,0.137406335745,0.318381404817,0.455787740562,0.227893870281,0.3149869104,0.134994390171,0.449981300571,0.224990650285,0.137694267725,0.319048583744,0.456742851469,0.228371425734,11.4773987772,3.39034243482,14.867741212,7.43387060601,3.39426285498,11.4953330082,14.8895958632,7.44479793159,0.0128244151361,0.0128244151361,0.0256488302721,0.0128244151361,0.0128244151361,0.0128244151361,0.0256488302721,0.0128244151361,1.0,1.0,2.0,1.0,0.9622225769,1.0,1.9622225769,0.98111128845
Interleaved,Interleaved  [ 1.  0.5] air flow MD,[ 1.5  0.5],1.77411129698e-06,0,0.5,3032.05101793,0.0248916062775,365.854626087,0.263240461035,0.087746820345,0.35098728138,0.17549364069,0.087746820345,0.263240461035,0.35098728138,0.17549364069,275.15,275.15,550.3,275.15,269.388174636,271.842259785,541.230434421,270.61521721,101.325,101.325,202.65,101.325,101.325,101.325,202.65,101.325,0.48,0.48,0.96,0.48,0.757980949587,0.617771729329,1.37575267892,0.687876339458,1,1,2,1.0,1,1,2,1.0,2,2,4,2.0,2,2,4,2.0,1,1,2,1.0,1,1,2,1.0,2.7432,2.7432,5.4864,2.7432,2.7432,2.7432,5.4864,2.7432,0.01307,0.01307,0.02614,0.01307,0.01307,0.01307,0.02614,0.01307,0.01207,0.01207,0.02414,0.01207,0.01207,0.01207,0.02414,0.01207,0.03303,0.03303,0.06606,0.03303,0.03303,0.03303,0.06606,0.03303,0.02285,0.02285,0.0457,0.02285,0.02285,0.02285,0.0457,0.02285,4.26465419422,5.58761066914,9.85226486336,4.92613243168,-0.454489893767,-0.35164263788,-0.806132531647,-0.403066265824,8,8,16,8.0,8,8,16,8.0,0.00065,0.00065,0.0013,0.00065,0.00065,0.00065,0.0013,0.00065,0.0031,0.0031,0.0062,0.0031,0.0031,0.0031,0.0062,0.0031,0.000198,0.000198,0.000396,0.000198,0.000198,0.000198,0.000396,0.000198,237,237,474,237.0,237,237,474,237.0,0.0124458031388,0.0124458031388,0.0248916062775,0.0124458031388,0.0124458031388,0.0124458031388,0.0248916062775,0.0124458031388,1124.70141773,653.871418327,1778.57283605,889.286418027,383.669192435,869.808989438,1253.47818187,626.739090937,50.8874885546,66.1972864015,117.084774956,58.542387478,0.0,0.0,0.0,0.0,1073.81392917,587.674131926,1661.4880611,830.744030549,383.669192435,869.808989438,1253.47818187,626.739090937,263.826840485,263.95181251,527.778652995,263.889326498,263.728210592,263.728210592,527.456421184,263.728210592,268.367540175,269.69049665,538.058036826,269.029018413,263.648396087,263.751243343,527.399639431,263.699819715,271.842259785,269.388174636,541.230434421,270.61521721,266.270596771,269.3148921,535.585488872,267.792744436,-2976.34373562,-2613.72633038,-5590.070066,-2795.035033,-2712.15444304,-3050.65677914,-5762.81122218,-2881.40561109,-308.780737478,-533.119159722,-841.899897201,-420.9499486,0.0,0.0,0.0,0.0,-2667.56299814,-2080.60717066,-4748.1701688,-2374.0850844,-2712.15444304,-3050.65677914,-5762.81122218,-2881.40561109,0.030380247444,0.0204858373924,0.0508660848364,0.0254330424182,0.0818840170183,0.0617931121554,0.143677129174,0.0718385645868,0.00207957242282,0.00356276677631,0.00564233919913,0.00282116959956,0.0,0.0,0.0,0.0,0.0283006750212,0.0169230706161,0.0452237456373,0.0226118728186,0.0818840170183,0.0617931121554,0.143677129174,0.0718385645868,229.016234541,229.016234541,458.032469081,229.016234541,0.0,0.0,0.0,0.0,1054.17303436,1061.73160311,2115.90463747,1057.95231874,896.884230053,997.104792342,1893.9890224,946.994511198,0.148388386843,0.255207616226,0.403596003069,0.201798001534,0.0,0.0,0.0,0.0,0.851611613157,0.744792383774,1.59640399693,0.798201998466,1.0,1.0,2.0,1.0,49.8206422977,28.8836966649,78.7043389626,39.3521694813,28.9175324929,49.8541243374,78.7716568303,39.3858284151,0.907975409171,0.94412554005,1.85210094922,0.92605047461,0.944119819294,0.907920228139,1.85204004743,0.926020023716,7.74281134566,7.74281134566,15.4856226913,7.74281134566,7.74281134566,7.74281134566,15.4856226913,7.74281134566,0.336780227327,0.112260075776,0.449040303102,0.224520151551,0.114670442029,0.340892794983,0.455563237012,0.227781618506,0.337485975428,0.112495325143,0.449981300571,0.224990650285,0.114910402667,0.341607148709,0.456517551376,0.228258775688,12.7466853168,2.57767343767,15.3243587545,7.66217937723,2.58571068536,12.7749073422,15.3606180276,7.6803090138,0.0124458031388,0.0124458031388,0.0248916062775,0.0124458031388,0.0124458031388,0.0124458031388,0.0248916062775,0.0124458031388,1.0,0.998739741404,1.9987397414,0.999369870702,0.940661929657,1.0,1.94066192966,0.970330964828
Equal flow,Equal flow  [ 1. 1.] air flow MD,[ 1.  1.],-1.4920020476e-05,0,0.0,3274.43788613,0.0268814799505,365.854626071,0.17549364069,0.17549364069,0.35098728138,0.17549364069,0.17549364069,0.17549364069,0.35098728138,0.17549364069,275.15,275.15,550.3,275.15,270.876731761,270.876731761,541.753463522,270.876731761,101.325,101.325,202.65,101.325,101.325,101.325,202.65,101.325,0.48,0.48,0.96,0.48,0.669600108621,0.669600108621,1.33920021724,0.669600108621,1,1,2,1.0,1,1,2,1.0,2,2,4,2.0,2,2,4,2.0,1,1,2,1.0,1,1,2,1.0,2.7432,2.7432,5.4864,2.7432,2.7432,2.7432,5.4864,2.7432,0.01307,0.01307,0.02614,0.01307,0.01307,0.01307,0.02614,0.01307,0.01207,0.01207,0.02414,0.01207,0.01207,0.01207,0.02414,0.01207,0.03303,0.03303,0.06606,0.03303,0.03303,0.03303,0.06606,0.03303,0.02285,0.02285,0.0457,0.02285,0.02285,0.02285,0.0457,0.02285,4.91293910995,4.91293910995,9.82587821989,4.91293910995,-0.434750004253,-0.434750004253,-0.869500008506,-0.434750004253,8,8,16,8.0,8,8,16,8.0,0.00065,0.00065,0.0013,0.00065,0.00065,0.00065,0.0013,0.00065,0.0031,0.0031,0.0062,0.0031,0.0031,0.0031,0.0062,0.0031,0.000198,0.000198,0.000396,0.000198,0.000198,0.000198,0.000396,0.000198,237,237,474,237.0,237,237,474,237.0,0.0134407399752,0.0134407399752,0.0268814799505,0.0134407399752,0.0134407399752,0.0134407399752,0.0268814799505,0.0134407399752,968.667536266,968.667536266,1937.33507253,968.667536266,668.5514068,668.5514068,1337.1028136,668.5514068,63.2223566502,63.2223566502,126.4447133,63.2223566502,0.0,0.0,0.0,0.0,905.445179616,905.445179616,1810.89035923,905.445179616,668.5514068,668.5514068,1337.1028136,668.5514068,263.887353096,263.887353096,527.774706193,263.887353096,263.728210592,263.728210592,527.456421184,263.728210592,269.015825091,269.015825091,538.031650182,269.015825091,263.668135977,263.668135977,527.336271954,263.668135977,270.876731761,270.876731761,541.753463522,270.876731761,267.973208541,267.973208541,535.946417082,267.973208541,-3285.68024181,-3285.68024181,-6571.36048363,-3285.68024181,-3331.73701912,-3331.73701912,-6663.47403824,-3331.73701912,-464.254654293,-464.254654293,-928.509308585,-464.254654293,0.0,0.0,0.0,0.0,-2821.42558752,-2821.42558752,-5642.85117504,-2821.42558752,-3331.73701912,-3331.73701912,-6663.47403824,-3331.73701912,0.0249552898926,0.0249552898926,0.0499105797853,0.0249552898926,0.0710194363638,0.0710194363638,0.142038872728,0.0710194363638,0.00271289756981,0.00271289756981,0.00542579513961,0.00271289756981,0.0,0.0,0.0,0.0,0.0222423923228,0.0222423923228,0.0444847846457,0.0222423923228,0.0710194363638,0.0710194363638,0.142038872728,0.0710194363638,243.526993319,243.526993319,487.053986639,243.526993319,0.0,0.0,0.0,0.0,1135.60196179,1135.60196179,2271.20392359,1135.60196179,1010.74012993,1010.74012993,2021.48025987,1010.74012993,0.193955052064,0.193955052064,0.387910104129,0.193955052064,0.0,0.0,0.0,0.0,0.806044947936,0.806044947936,1.61208989587,0.806044947936,1.0,1.0,2.0,1.0,40.7407974167,40.7407974167,81.4815948335,40.7407974167,40.7761825295,40.7761825295,81.5523650591,40.7761825295,0.923241675205,0.923241675205,1.84648335041,0.923241675205,0.923180349,0.923180349,1.846360698,0.923180349,7.74281134566,7.74281134566,15.4856226913,7.74281134566,7.74281134566,7.74281134566,15.4856226913,7.74281134566,0.224520151551,0.224520151551,0.449040303102,0.224520151551,0.228074888865,0.228074888865,0.456149777729,0.228074888865,0.224990650285,0.224990650285,0.449981300571,0.224990650285,0.228552822787,0.228552822787,0.457105645574,0.228552822787,7.04843733583,7.04843733583,14.0968746717,7.04843733583,7.0435446471,7.0435446471,14.0870892942,7.0435446471,0.0134407399752,0.0134407399752,0.0268814799505,0.0134407399752,0.0134407399752,0.0134407399752,0.0268814799505,0.0134407399752,1.0,1.0,2.0,1.0,1.0,1.0,2.0,1.0
Equal flow,Equal flow  [ 1.   0.95] air flow MD,[ 1.05  0.95],-1.82832009159e-05,0,0.05,3273.16117945,0.0268709988404,365.854626067,0.184268322725,0.166718958655,0.35098728138,0.17549364069,0.184268322725,0.166718958655,0.35098728138,0.17549364069,275.15,275.15,550.3,275.15,270.955293124,270.793631017,541.748924141,270.87446207,101.325,101.325,202.65,101.325,101.325,101.325,202.65,101.325,0.48,0.48,0.96,0.48,0.665210899636,0.674277262492,1.33948816213,0.669744081064,1,1,2,1.0,1,1,2,1.0,2,2,4,2.0,2,2,4,2.0,1,1,2,1.0,1,1,2,1.0,2.7432,2.7432,5.4864,2.7432,2.7432,2.7432,5.4864,2.7432,0.01307,0.01307,0.02614,0.01307,0.01307,0.01307,0.02614,0.01307,0.01207,0.01207,0.02414,0.01207,0.01207,0.01207,0.02414,0.01207,0.03303,0.03303,0.06606,0.03303,0.03303,0.03303,0.06606,0.03303,0.02285,0.02285,0.0457,0.02285,0.02285,0.02285,0.0457,0.02285,4.91295677188,4.91295675768,9.82591352956,4.91295676478,-0.448339883311,-0.421376386523,-0.869716269834,-0.434858134917,8,8,16,8.0,8,8,16,8.0,0.00065,0.00065,0.0013,0.00065,0.00065,0.00065,0.0013,0.00065,0.0031,0.0031,0.0062,0.0031,0.0031,0.0031,0.0062,0.0031,0.000198,0.000198,0.000396,0.000198,0.000198,0.000198,0.000396,0.000198,237,237,474,237.0,237,237,474,237.0,0.0139238801925,0.0129471186479,0.0268709988404,0.0134354994202,0.0139238801925,0.0129471186479,0.0268709988404,0.0134354994202,998.402149201,938.129629476,1936.53177868,968.265889339,697.741147552,638.888253219,1336.62940077,668.314700385,65.5679023571,60.8275099602,126.395412317,63.1977061587,0.0,0.0,0.0,0.0,932.834246844,877.302119516,1810.13636636,905.06818318,697.741147552,638.888253219,1336.62940077,668.314700385,263.888538313,263.886090308,527.77462862,263.88731431,263.728210592,263.728210592,527.456421184,263.728210592,269.015842753,269.015842739,538.031685492,269.015842746,263.654546098,263.681509595,527.336055692,263.668027846,270.955293124,270.793631017,541.748924141,270.87446207,268.068461272,267.873794627,535.942255899,267.971127949,-3496.16312784,-3057.97030255,-6554.13343039,-3277.0667152,-3555.64793575,-3109.84526536,-6665.49320111,-3332.74660056,-498.406700991,-430.611058765,-929.017759757,-464.508879878,0.0,0.0,0.0,0.0,-2997.75642685,-2627.35924378,-5625.11567064,-2812.55783532,-3555.64793575,-3109.84526536,-6665.49320111,-3332.74660056,0.0248557397043,0.0250618644453,0.0499176041495,0.0249588020748,0.0708306381639,0.0712214843925,0.142052122556,0.0710260612782,0.0027333437218,0.0026912741359,0.00542461785769,0.00271230892885,0.0,0.0,0.0,0.0,0.0221223959825,0.0223705903094,0.0444929862919,0.0222464931459,0.0708306381639,0.0712214843925,0.142052122556,0.0710260612782,250.501611597,236.353393125,486.855004722,243.427502361,0.0,0.0,0.0,0.0,1168.25799362,1101.98891535,2270.24690897,1135.12345448,1040.75084724,979.875648531,2020.62649577,1010.31324789,0.195420043508,0.192405702668,0.387825746175,0.193912873088,0.0,0.0,0.0,0.0,0.804579956492,0.807594297332,1.61217425382,0.806087126912,1.0,1.0,2.0,1.0,41.7391935929,39.7169196999,81.4561132929,40.7280566464,41.7747783266,39.7520874924,81.5268658189,40.7634329095,0.921533074292,0.925001741376,1.84653481567,0.923267407834,0.921468184109,0.924941574581,1.84640975869,0.923204879345,7.74281134566,7.74281134566,15.4856226913,7.74281134566,7.74281134566,7.74281134566,15.4856226913,7.74281134566,0.235746159129,0.213294143974,0.449040303102,0.224520151551,0.239408943797,0.216737880207,0.456146824004,0.228073412002,0.2362401828,0.213741117771,0.449981300571,0.224990650285,0.239910628882,0.217192056791,0.457102685673,0.228551342837,7.55320684924,6.55538357597,14.1085904252,7.05429521261,7.54924998691,6.55011875075,14.0993687377,7.04968436883,0.0139238801925,0.0129471186479,0.0268709988404,0.0134354994202,0.0139238801925,0.0129471186479,0.0268709988404,0.0134354994202,1.0,1.0,2.0,1.0,1.0,1.0,2.0,1.0
Equal flow,Equal flow  [ 1.  0.9] air flow MD,[ 1.1  0.9],4.93099796586e-05,0,0.1,3269.4820609,0.0268407951408,365.854626135,0.193043004759,0.157944276621,0.35098728138,0.17549364069,0.193043004759,0.157944276621,0.35098728138,0.17549364069,275.15,275.15,550.3,275.15,271.02971492,270.705396854,541.735111774,270.867555887,101.325,101.325,202.65,101.325,101.325,101.325,202.65,101.325,0.48,0.48,0.96,0.48,0.661081837909,0.679282289902,1.34036412781,0.670182063906,1,1,2,1.0,1,1,2,1.0,2,2,4,2.0,2,2,4,2.0,1,1,2,1.0,1,1,2,1.0,2.7432,2.7432,5.4864,2.7432,2.7432,2.7432,5.4864,2.7432,0.01307,0.01307,0.02614,0.01307,0.01307,0.01307,0.02614,0.01307,0.01207,0.01207,0.02414,0.01207,0.01207,0.01207,0.02414,0.01207,0.03303,0.03303,0.06606,0.03303,0.03303,0.03303,0.06606,0.03303,0.02285,0.02285,0.0457,0.02285,0.02285,0.02285,0.0457,0.02285,4.91248383372,4.912484005,9.82496783873,4.91248391936,-0.462126305258,-0.408263444444,-0.870389749702,-0.435194874851,8,8,16,8.0,8,8,16,8.0,0.00065,0.00065,0.0013,0.00065,0.00065,0.00065,0.0013,0.00065,0.0031,0.0031,0.0062,0.0031,0.0031,0.0031,0.0062,0.0031,0.000198,0.000198,0.000396,0.000198,0.000198,0.000198,0.000396,0.000198,237,237,474,237.0,237,237,474,237.0,0.0143971227646,0.0124436723762,0.0268407951408,0.0134203975704,0.0143971227646,0.0124436723762,0.0268407951408,0.0134203975704,1027.38812339,906.7552713,1934.14339469,967.071697344,726.472776455,608.865889762,1335.33866622,667.669333109,67.86577247,58.3875699378,126.253342408,63.1266712039,0.0,0.0,0.0,0.0,959.522350918,848.367701362,1807.89005228,903.94502614,726.472776455,608.865889762,1335.33866622,667.669333109,263.889653212,263.884758634,527.774411845,263.887205923,263.728210592,263.728210592,527.456421184,263.728210592,269.015369815,269.015369986,538.030739801,269.015369901,263.640759676,263.694622537,527.335382213,263.667691106,271.02971492,270.705396854,541.735111774,270.867555887,268.159843807,267.770105959,535.929949766,267.964974883,-3708.17406195,-2834.061049,-6542.23511095,-3271.11755548,-3781.38674726,-2890.78095343,-6672.1677007,-3336.08385035,-533.020257656,-397.615605018,-930.635862674,-465.317931337,0.0,0.0,0.0,0.0,-3175.1538043,-2436.44544398,-5611.59924828,-2805.79962414,-3781.38674726,-2890.78095343,-6672.1677007,-3336.08385035,0.0247625561101,0.0251749616878,0.049937517798,0.024968758899,0.0706537764945,0.0714355599244,0.142089336419,0.0710446682095,0.00275267084499,0.00266850994039,0.00542118078538,0.00271059039269,0.0,0.0,0.0,0.0,0.0220098852651,0.0225064517474,0.0445163370126,0.0222581685063,0.0706537764945,0.0714355599244,0.142089336419,0.0710446682095,257.290574451,228.984934073,486.275508524,243.137754262,0.0,0.0,0.0,0.0,1200.02117473,1067.43785078,2267.45902551,1133.72951275,1069.96323292,948.188552035,2018.15178496,1009.07589248,0.196804815607,0.190774634088,0.387579449695,0.193789724848,0.0,0.0,0.0,0.0,0.803195184393,0.809225365912,1.6124205503,0.806210275152,1.0,1.0,2.0,1.0,42.713912594,38.6655148249,81.3794274189,40.6897137095,42.7496812869,38.7004462426,81.4501275295,40.7250637648,0.919872244586,0.926817462731,1.84668970732,0.923344853658,0.919806211239,0.92676031999,1.84656653123,0.923283265614,7.74281134566,7.74281134566,15.4856226913,7.74281134566,7.74281134566,7.74281134566,15.4856226913,7.74281134566,0.246972166706,0.202068136396,0.449040303102,0.224520151551,0.250740247917,0.205397795063,0.45613804298,0.22806902149,0.247489715314,0.202491585257,0.449981300571,0.224990650285,0.251265678413,0.205828207877,0.45709388629,0.228546943145,8.07040991313,6.07338222061,14.1437921337,7.07189606687,8.06797545743,6.06827634897,14.1362518064,7.0681259032,0.0143971227646,0.0124436723762,0.0268407951408,0.0134203975704,0.0143971227646,0.0124436723762,0.0268407951408,0.0134203975704,1.0,1.0,2.0,1.0,1.0,0.999669291235,1.99966929123,0.999834645617
Equal flow,Equal flow  [ 1.  0.8] air flow MD,[ 1.2  0.8],3.51521885023e-06,0,0.2,3254.77901682,0.0267200905662,365.854626089,0.210592368828,0.140394912552,0.35098728138,0.17549364069,0.210592368828,0.140394912552,0.35098728138,0.17549364069,275.15,275.15,550.3,275.15,271.167530844,270.511179478,541.678710322,270.839355161,101.325,101.325,202.65,101.325,101.325,101.325,202.65,101.325,0.48,0.48,0.96,0.48,0.653509018843,0.69044219024,1.34395120908,0.671975604542,1,1,2,1.0,1,1,2,1.0,2,2,4,2.0,2,2,4,2.0,1,1,2,1.0,1,1,2,1.0,2.7432,2.7432,5.4864,2.7432,2.7432,2.7432,5.4864,2.7432,0.01307,0.01307,0.02614,0.01307,0.01307,0.01307,0.02614,0.01307,0.01207,0.01207,0.02414,0.01207,0.01207,0.01207,0.02414,0.01207,0.03303,0.03303,0.06606,0.03303,0.03303,0.03303,0.06606,0.03303,0.02285,0.02285,0.0457,0.02285,0.02285,0.02285,0.0457,0.02285,4.90951133468,4.90951135952,9.8190226942,4.9095113471,-0.490217656108,-0.382900236536,-0.873117892644,-0.436558946322,8,8,16,8.0,8,8,16,8.0,0.00065,0.00065,0.0013,0.00065,0.00065,0.00065,0.0013,0.00065,0.0031,0.0031,0.0062,0.0031,0.0031,0.0031,0.0062,0.0031,0.000198,0.000198,0.000396,0.000198,0.000198,0.000198,0.000396,0.000198,237,237,474,237.0,237,237,474,237.0,0.0153159038016,0.0114041867646,0.0267200905662,0.0133600452831,0.0153159038016,0.0114041867646,0.0267200905662,0.0133600452831,1083.29878765,841.224953819,1924.52374147,962.261870735,782.616973878,547.638301476,1330.25527535,665.127637677,72.3255016851,53.3600710748,125.68557276,62.84278638,0.0,0.0,0.0,0.0,1010.97328597,787.864882744,1798.83816871,899.419084355,782.616973878,547.638301476,1330.25527535,665.127637677,263.891696827,263.881850506,527.773547333,263.886773666,263.728210592,263.728210592,527.456421184,263.728210592,269.012397316,269.012397341,538.024794657,269.012397328,263.612668325,263.719985745,527.33265407,263.666327035,271.167530844,270.511179478,541.678710322,270.839355161,268.33206416,267.548882352,535.880946512,267.940473256,-4159.19986867,-2416.20042595,-6575.40029462,-3287.70014731,-4237.63728534,-2461.79344086,-6699.4307262,-3349.7153631,-603.469522109,-333.703437658,-937.172959767,-468.586479883,0.0,0.0,0.0,0.0,-3555.73034657,-2082.49698829,-5638.22733486,-2819.11366743,-4237.63728534,-2461.79344086,-6699.4307262,-3349.7153631,0.024592982411,0.0254243463128,0.0500173287238,0.0250086643619,0.0703314236703,0.0719066892649,0.142238112935,0.0711190564676,0.00278825455277,0.00261908322551,0.00540733777827,0.00270366888914,0.0,0.0,0.0,0.0,0.0218047278582,0.0228052630873,0.0446099909455,0.0223049954728,0.0703314236703,0.0719066892649,0.142238112935,0.0711190564676,270.356769789,213.592558028,483.949327818,241.974663909,0.0,0.0,0.0,0.0,1261.08728876,995.183036764,2256.27032552,1128.13516276,1126.18230361,882.050987702,2008.23329131,1004.11664565,0.199354176723,0.187233314177,0.3865874909,0.19329374545,0.0,0.0,0.0,0.0,0.800645823277,0.812766685823,1.6134125091,0.80670625455,1.0,1.0,2.0,1.0,44.5985511025,36.4704357822,81.0689868848,40.5344934424,44.6346469107,36.5048263615,81.1394732722,40.5697366361,0.91668114739,0.930635725951,1.84731687334,0.923658436671,0.916614360177,0.930583017473,1.84719737765,0.923598688825,7.74281134566,7.74281134566,15.4856226913,7.74281134566,7.74281134566,7.74281134566,15.4856226913,7.74281134566,0.269424181861,0.179616121241,0.449040303102,0.224520151551,0.273395288321,0.182707383281,0.456102671602,0.228051335801,0.269988780342,0.179992520228,0.449981300571,0.224990650285,0.273968193814,0.183090247143,0.457058440957,0.228529220478,9.1451429335,5.14030513096,14.2854480645,7.14272403223,9.14756295542,5.13692716103,14.2844901164,7.14224505822,0.0153159038016,0.0114041867646,0.0267200905662,0.0133600452831,0.0153159038016,0.0114041867646,0.0267200905662,0.0133600452831,1.0,1.0,2.0,1.0,1.0,0.997748062126,1.99774806213,0.998874031063
Equal flow,Equal flow  [ 1.  0.7] air flow MD,[ 1.3  0.7],-1.55821908265e-06,0,0.3,3229.89551109,0.0265158095632,365.854626084,0.228141732897,0.122845548483,0.35098728138,0.17549364069,0.228141732897,0.122845548483,0.35098728138,0.17549364069,275.15,275.15,550.3,275.15,271.292526292,270.288331366,541.580857658,270.790428829,101.325,101.325,202.65,101.325,101.325,101.325,202.65,101.325,0.48,0.48,0.96,0.48,0.646722277259,0.703493645289,1.35021592255,0.675107961274,1,1,2,1.0,1,1,2,1.0,2,2,4,2.0,2,2,4,2.0,1,1,2,1.0,1,1,2,1.0,2.7432,2.7432,5.4864,2.7432,2.7432,2.7432,5.4864,2.7432,0.01307,0.01307,0.02614,0.01307,0.01307,0.01307,0.02614,0.01307,0.01207,0.01207,0.02414,0.01207,0.01207,0.01207,0.02414,0.01207,0.03303,0.03303,0.06606,0.03303,0.03303,0.03303,0.06606,0.03303,0.02285,0.02285,0.0457,0.02285,0.02285,0.02285,0.0457,0.02285,4.90449918328,4.90449921078,9.80899839405,4.90449919703,-0.518905203738,-0.358861886492,-0.87776709023,-0.438883545115,8,8,16,8.0,8,8,16,8.0,0.00065,0.00065,0.0013,0.00065,0.00065,0.00065,0.0013,0.00065,0.0031,0.0031,0.0062,0.0031,0.0031,0.0031,0.0062,0.0031,0.000198,0.000198,0.000396,0.000198,0.000198,0.000198,0.000396,0.000198,237,237,474,237.0,237,237,474,237.0,0.016200783037,0.0103150265261,0.0265158095632,0.0132579047816,0.016200783037,0.0103150265261,0.0265158095632,0.0132579047816,1136.7394106,771.432594478,1908.17200508,954.08600254,837.08818045,484.635325563,1321.72350601,660.861753007,76.6123151697,48.1123634509,124.724678621,62.3623393103,0.0,0.0,0.0,0.0,1060.12709543,723.320231027,1783.44732646,891.72366323,837.08818045,484.635325563,1321.72350601,660.861753007,263.893524641,263.878531461,527.772056103,263.886028051,263.728210592,263.728210592,527.456421184,263.728210592,269.007385164,269.007385192,538.014770356,269.007385178,263.583980777,263.744024095,527.328004872,263.664002436,271.292526292,270.288331366,541.580857658,270.790428829,268.491710522,267.306405725,535.798116247,267.899058123,-4617.65226574,-2013.78879117,-6631.44105692,-3315.72052846,-4699.28982055,-2046.38550503,-6745.67532558,-3372.83766279,-675.284531313,-272.83973615,-948.124267463,-474.062133732,0.0,0.0,0.0,0.0,-3942.36773443,-1740.94905502,-5683.31678946,-2841.65839473,-4699.28982055,-2046.38550503,-6745.67532558,-3372.83766279,0.0244428732092,0.0257126521233,0.0501555253325,0.0250777626662,0.0700451028629,0.0724505655953,0.142495668458,0.0712478342291,0.00282003005914,0.00256351752882,0.00538354758796,0.00269177379398,0.0,0.0,0.0,0.0,0.0216228431501,0.0231491345945,0.0447719777445,0.0223859888723,0.0700451028629,0.0724505655953,0.142495668458,0.0712478342291,282.807143914,197.180532374,479.987676288,239.993838144,0.0,0.0,0.0,0.0,1319.19387266,918.029752303,2237.22362497,1118.61181248,1179.73837522,811.624286542,1991.36266176,995.68133088,0.201630291548,0.183252557653,0.384882849201,0.1924414246,0.0,0.0,0.0,0.0,0.798369708452,0.816747442347,1.6151171508,0.8075585754,1.0,1.0,2.0,1.0,46.4055966816,34.1321980625,80.5377947442,40.2688973721,46.4419744824,34.1659327433,80.6079072258,40.3039536129,0.913646126665,0.934744375371,1.84839050204,0.924195251018,0.913577145857,0.934693573827,1.84827071968,0.924135359842,7.74281134566,7.74281134566,15.4856226913,7.74281134566,7.74281134566,7.74281134566,15.4856226913,7.74281134566,0.291876197017,0.157164106086,0.449040303102,0.224520151551,0.296041269283,0.160001255988,0.456042525271,0.228021262636,0.292487845371,0.1574934552,0.449981300571,0.224990650285,0.296661630826,0.160336538051,0.456998168877,0.228499084438,10.2787868597,4.24602831193,14.5248151716,7.26240758582,10.2884879897,4.24583434932,14.534322339,7.2671611695,0.016200783037,0.0103150265261,0.0265158095632,0.0132579047816,0.016200783037,0.0103150265261,0.0265158095632,0.0132579047816,1.0,1.0,2.0,1.0,1.0,0.993879895264,1.99387989526,0.996939947632
Equal flow,Equal flow  [ 1.  0.6] air flow MD,[ 1.4  0.6],3.30148031935e-06,0,0.4,3190.60453359,0.0261932504992,365.854626089,0.245691096966,0.105296184414,0.35098728138,0.17549364069,0.245691096966,0.105296184414,0.35098728138,0.17549364069,275.15,275.15,550.3,275.15,271.406530209,270.049076918,541.455607127,270.727803564,101.325,101.325,202.65,101.325,101.325,101.325,202.65,101.325,0.48,0.48,0.96,0.48,0.64059919023,0.71780548682,1.35840467705,0.679202338525,1,1,2,1.0,1,1,2,1.0,2,2,4,2.0,2,2,4,2.0,1,1,2,1.0,1,1,2,1.0,2.7432,2.7432,5.4864,2.7432,2.7432,2.7432,5.4864,2.7432,0.01307,0.01307,0.02614,0.01307,0.01307,0.01307,0.02614,0.01307,0.01207,0.01207,0.02414,0.01207,0.01207,0.01207,0.02414,0.01207,0.03303,0.03303,0.06606,0.03303,0.03303,0.03303,0.06606,0.03303,0.02285,0.02285,0.0457,0.02285,0.02285,0.02285,0.0457,0.02285,4.89803354523,4.89803410996,9.79606765519,4.89803382759,-0.548098243103,-0.335644374411,-0.883742617514,-0.441871308757,8,8,16,8.0,8,8,16,8.0,0.00065,0.00065,0.0013,0.00065,0.00065,0.00065,0.0013,0.00065,0.0031,0.0031,0.0062,0.0031,0.0031,0.0031,0.0062,0.0031,0.000198,0.000198,0.000396,0.000198,0.000198,0.000198,0.000396,0.000198,237,237,474,237.0,237,237,474,237.0,0.0170550140299,0.00913823646928,0.0261932504992,0.0130966252496,0.0170550140299,0.00913823646928,0.0261932504992,0.0130966252496,1188.00141717,693.768560897,1881.76997806,940.884989032,889.984166854,418.850388669,1308.83455552,654.417277761,80.734397788,42.4730323352,123.207430123,61.6037150616,0.0,0.0,0.0,0.0,1107.26701938,651.295528561,1758.56254794,879.281273971,889.984166854,418.850388669,1308.83455552,654.417277761,263.895167641,263.874856886,527.770024527,263.885012263,263.728210592,263.728210592,527.456421184,263.728210592,269.000919526,269.000920091,538.001839618,269.000919809,263.554787738,263.767241607,527.322029345,263.661014672,271.406530209,270.049076918,541.455607127,270.727803564,268.640267657,267.061435705,535.701703361,267.850851681,-5056.75131389,-1595.09644207,-6651.84775596,-3325.92387798,-5165.42771518,-1637.77225215,-6803.19996734,-3401.59998367,-748.173512309,-213.948967806,-962.122480115,-481.061240058,0.0,0.0,0.0,0.0,-4308.57780158,-1381.14747426,-5689.72527584,-2844.86263792,-5165.42771518,-1637.77225215,-6803.19996734,-3401.59998367,0.024309474131,0.0260429001954,0.0503523743264,0.0251761871632,0.0697893207098,0.0730605377363,0.142849858446,0.071424929223,0.0028482485475,0.00249691895146,0.00534516749896,0.00267258374948,0.0,0.0,0.0,0.0,0.0214612255835,0.0235459812439,0.0450072068274,0.0225036034137,0.0697893207098,0.0730605377363,0.142849858446,0.071424929223,294.710483644,179.075161311,473.785644955,236.892822477,0.0,0.0,0.0,0.0,1374.67291301,825.6692597,2200.34217271,1100.17108635,1230.91972094,727.901003231,1958.82072417,979.410362085,0.203650992378,0.178482526604,0.382133518982,0.191066759491,0.0,0.0,0.0,0.0,0.796349007622,0.821517473396,1.61786648102,0.808933240509,1.0,1.0,2.0,1.0,48.1438710143,31.6186992749,79.7625702893,39.8812851446,48.1804944783,31.6514905582,79.8319850365,39.9159925182,0.910749159133,0.939209308412,1.84995846754,0.924979233772,0.910678233753,0.939159314172,1.84983754793,0.924918773963,7.74281134566,7.74281134566,15.4856226913,7.74281134566,7.74281134566,7.74281134566,15.4856226913,7.74281134566,0.314328212172,0.134712090931,0.449040303102,0.224520151551,0.318679268917,0.137265888208,0.455945157125,0.227972578563,0.3149869104,0.134994390171,0.449981300571,0.224990650285,0.319347069817,0.137553527397,0.456900597214,0.228450298607,11.4773987772,3.39034243482,14.867741212,7.43387060601,11.496747743,3.39408898108,14.890836724,7.44541836202,0.0170550140299,0.00913823646928,0.0261932504992,0.0130966252496,0.0170550140299,0.00913823646928,0.0261932504992,0.0130966252496,1.0,1.0,2.0,1.0,1.0,0.98846119228,1.98846119228,0.99423059614
Equal flow,Equal flow  [ 1.  0.5] air flow MD,[ 1.5  0.5],1.11874542199e-05,0,0.5,3113.89265846,0.02556348477,365.854626097,0.263240461035,0.087746820345,0.35098728138,0.17549364069,0.263240461035,0.087746820345,0.35098728138,0.17549364069,275.15,275.15,550.3,275.15,271.510957758,269.94933161,541.460289368,270.730144684,101.325,101.325,202.65,101.325,101.325,101.325,202.65,101.325,0.48,0.48,0.96,0.48,0.635045793373,0.723865553207,1.35891134658,0.67945567329,1,1,2,1.0,1,1,2,1.0,2,2,4,2.0,2,2,4,2.0,1,1,2,1.0,1,1,2,1.0,2.7432,2.7432,5.4864,2.7432,2.7432,2.7432,5.4864,2.7432,0.01307,0.01307,0.02614,0.01307,0.01307,0.01307,0.02614,0.01307,0.01207,0.01207,0.02414,0.01207,0.01207,0.01207,0.02414,0.01207,0.03303,0.03303,0.06606,0.03303,0.03303,0.03303,0.06606,0.03303,0.02285,0.02285,0.0457,0.02285,0.02285,0.02285,0.0457,0.02285,4.88847655559,4.88847731869,9.77695387428,4.88847693714,-0.577732493361,-0.308877184222,-0.886609677583,-0.443304838792,8,8,16,8.0,8,8,16,8.0,0.00065,0.00065,0.0013,0.00065,0.00065,0.00065,0.0013,0.00065,0.0031,0.0031,0.0062,0.0031,0.0031,0.0031,0.0062,0.0031,0.000198,0.000198,0.000396,0.000198,0.000198,0.000198,0.000396,0.000198,237,237,474,237.0,237,237,474,237.0,0.0178815773207,0.00768190744934,0.02556348477,0.012781742385,0.0178815773207,0.00768190744934,0.02556348477,0.012781742385,1237.35109258,589.445636801,1826.79672939,913.398364693,941.391395254,345.70453382,1287.09592907,643.547964537,84.6954544418,35.5496930205,120.245147462,60.1225737312,0.0,0.0,0.0,0.0,1152.65563814,553.895943781,1706.55158192,853.275790962,941.391395254,345.70453382,1287.09592907,643.547964537,263.896648159,263.872193376,527.768841534,263.884420767,263.728210592,263.728210592,527.456421184,263.728210592,268.991362537,268.9913633,537.982725837,268.991362918,263.525153488,263.794008797,527.319162285,263.659581142,271.510957758,269.94933161,541.460289368,270.730144684,268.778929512,266.984370052,535.763299564,267.881649782,-5526.43410267,-1146.03452346,-6672.46862613,-3336.23431306,-5635.40534942,-1190.30073785,-6825.70608727,-3412.85304364,-821.834962933,-150.315111306,-972.150074239,-486.075037119,0.0,0.0,0.0,0.0,-4704.59913973,-995.719412153,-5700.31855189,-2850.15927594,-5635.40534942,-1190.30073785,-6825.70608727,-3412.85304364,0.0241909206879,0.0263465825277,0.0505375032156,0.0252687516078,0.0695601090251,0.0735079260933,0.143068035118,0.0715340175592,0.00287294584538,0.0023921388977,0.00526508474309,0.00263254237154,0.0,0.0,0.0,0.0,0.0213179748425,0.02395444363,0.0452724184725,0.0226362092363,0.0695601090251,0.0735079260933,0.143068035118,0.0715340175592,306.126869397,156.034086192,462.160955589,231.080477794,0.0,0.0,0.0,0.0,1427.81398854,661.321668496,2089.13565703,1044.56782852,1279.97663933,581.471474346,1861.44811368,930.724056838,0.205418604704,0.170981907101,0.376400511804,0.188200255902,0.0,0.0,0.0,0.0,0.794581395296,0.829018092899,1.6235994882,0.811799744098,1.0,1.0,2.0,1.0,49.8206422977,28.8836966649,78.7043389626,39.3521694813,49.8574826147,28.9142384132,78.7717210278,39.3858605139,0.907975409171,0.94412554005,1.85210094922,0.92605047461,0.907903567257,0.944078696707,1.85198226396,0.925991131982,7.74281134566,7.74281134566,15.4856226913,7.74281134566,7.74281134566,7.74281134566,15.4856226913,7.74281134566,0.336780227327,0.112260075776,0.449040303102,0.224520151551,0.341310271218,0.114430662791,0.455740934008,0.227870467004,0.337485975428,0.112495325143,0.449981300571,0.224990650285,0.342025496838,0.114670450704,0.456695947543,0.228347973771,12.7466853168,2.57767343767,15.3243587545,7.66217937723,12.7779257952,2.58496713595,15.3628929311,7.68144646556,0.0178815773207,0.00768190744934,0.02556348477,0.012781742385,0.0178815773207,0.00768190744934,0.02556348477,0.012781742385,1.0,1.0,2.0,1.0,1.0,0.990793966054,1.99079396605,0.995396983027
