Tmin (C ),Subcooling  (oC),System pressure (MPa),Material ,L/D,_f,_w,_f/_w,Tmin (Mori),Tmin (Adler),Tmin (Dhir),Tmin (Lauer),Tmin (Freud),Tmin (shikha_7),Tmin (shikha_8),Tmin (shikha_9),Tmin (Brenson),Tmin (Henry),Tmin (Perenson),Tmin (Shikha),Tmin (Sakurai),Tmin (Henry_1atm),Tmin (exp_1atm),Tmin (exp2_1atm),Tmin (ANN_1atm)
279.4366197,0,0.1,Stainless steel,5,2744237.67,47857410,0.05734196,240,230,201,328.6,257.6,276,307,256,143.2446393,230.4312317,429.0704837,282.8265581,490.9706615,230.4312317,279.4366197,279.4366197,325.64954
389.8591549,10.00105195,0.1,Stainless steel,5,2743238.835,47857410,0.057321089,315.0078897,290.0063117,281.0084156,387.5361992,334.6081001,373.010204,412.0110455,326.0073637,143.4561301,250.3879425,497.6515,316.2253262,490.9706615,250.3879425,389.8591549,389.8591549,459.09192
547.6056338,20.02618199,0.1,Stainless steel,5,2740826.507,47857410,0.057270682,390.1963649,350.1570919,361.2094559,446.6142905,411.8016013,470.2539653,517.2749109,396.1832739,143.6709267,270.5436194,566.6608201,349.7774803,490.9706615,270.5436194,547.6056338,547.6056338,548.859
671.5492958,29.88884343,0.1,Stainless steel,5,2736964.233,47857410,0.057189978,464.1663258,409.3330606,440.1107475,504.7349544,487.7440944,565.9217813,620.8328561,465.221904,143.8851506,290.508168,634.761162,382.8447526,490.9706615,290.508168,671.5492958,671.5492958,613.1293
727.8873239,39.84150546,0.1,Stainless steel,5,2731450.957,47857410,0.057074776,538.811291,469.0490328,519.7320437,563.3859917,564.3795921,662.462603,725.3358074,534.8905383,144.1044502,310.777957,703.6414867,416.2594766,490.9706615,310.777957,727.8873239,727.8873239,663.2757
275,0,0.1,Stainless steel,5,2744237.67,47857410,0.05734196,240,230,201,328.6,257.6,276,307,256,143.2446393,230.4312317,429.0704837,282.8265581,490.9706615,230.4312317,275,275,325.64954
275,0,0.1,Cu,5,2744237.67,1379121205,0.001989845,240,230,201,328.6,257.6,276,307,256,143.2446393,193.0642791,290.6835618,239.0573386,490.9706615,193.0642791,275,275,329.39545
295,0,0.1,Zr,5,2744237.67,23374985,0.117400617,240,230,201,328.6,257.6,276,307,256,143.2446393,275.3354217,674.2569516,338.0110986,490.9706615,275.3354217,295,295,334.7948
487.9065834,15.5,0.1,Zirconium,5,2742097.639,23374985,0.117309065,356.25,323,325,419.9415,376.95,426.35,469.75,364.5,143.5735917,327.8235802,871.6543399,410.1527002,490.9706615,327.8235802,487.9065834,487.9065834,533.61053
323.5688264,0,0.1,Zirconium,5,2744237.67,23374985,0.117400617,240,230,201,328.6,257.6,276,307,256,143.2446393,275.3354217,674.2569516,338.0110986,490.9706615,275.3354217,323.5688264,323.5688264,334.7948
551.0300113,0,0.5,Zirconium,5,2692469.331,23374985,0.115185928,240,230,201,328.6,257.6,276,307,256,343.9018814,796.3053912,1163.684569,897.4518838,504.2211103,275.3354217,323.8636364,323.8636364,338.76627
323.8636364,0,0.1,zirconium,5.1,2744237.67,23374985,0.117400617,240,230,201,328.6,257.6,276,307,256,143.2446393,275.3354217,674.2569516,338.0110986,490.9706615,275.3354217,330.0675454,330.0675454,338.76627
551.3636364,0,0.5,zirconium,5.1,2692469.331,23374985,0.115185928,240,230,201,328.6,257.6,276,307,256,343.9018814,796.3053912,1163.684569,897.4518838,504.2211103,326.1209443,493.1897174,493.1897174,533.6921
330.0675454,0,0.1,zirconium,5.1,2744237.67,23374985,0.117400617,240,230,201,328.6,257.6,276,307,256,143.2446393,275.3354217,674.2569516,338.0110986,490.9706615,294.6607535,434.5924323,434.5924323,447.86432
493.1897174,15,0.1,zirconium,5.1,2742219.445,23374985,0.117314276,352.5,320,321,416.995,373.1,421.5,464.5,361,143.5628758,326.1209443,865.2685523,407.8217982,490.9706615,354.3964263,596.1308938,596.1308938,608.14856
434.5924323,0,0.1,Zr2O,5.1,2744237.67,5168800,0.530923555,240,230,201,328.6,257.6,276,307,256,143.2446393,294.6607535,661.8096024,337.857063,490.9706615,294.6607535,433.0316742,433.0316742,447.86432
596.1308938,15,0.1,Zr2O,5.1,2742219.445,5168800,0.530533092,352.5,320,321,416.995,373.1,421.5,464.5,361,143.5628758,354.3964263,848.3511996,407.6128028,490.9706615,275.5615511,328.2973621,328.2973621,342.01273
433.0316742,0,0.1,Zr2O,5.1,2744237.67,5168800,0.530923555,240,230,201,328.6,257.6,276,307,256,143.2446393,294.6607535,661.8096024,337.857063,490.9706615,290.739893,341.4868106,341.4868106,417.78204
624.6606335,0,0.5,Zr2O,5.1,2692469.331,5168800,0.520908012,240,230,201,328.6,257.6,276,307,256,343.9018814,857.0344141,1144.468213,897.0140956,504.2211103,307.1104056,425.4196643,425.4196643,480.79062
326.8760686,0,0.098,Zirconium,5.15,2744187.933,23374985,0.11739849,240,230,201,328.6,257.6,276,307,256,141.8676238,271.7379428,664.3826617,332.0575625,490.9273036,326.2843188,487.7697842,487.7697842,536.3703
411.8092794,0,0.172,Zirconium,5.15,2739365.242,23374985,0.117192171,240,230,201,328.6,257.6,276,307,256,187.6939662,393.2963381,884.0254546,501.326618,492.6516112,343.0102377,530.9352518,530.9352518,575.30316
430.8289272,0,0.209,Zirconium,5.15,2734619.154,23374985,0.11698913,240,230,201,328.6,257.6,276,307,256,208.026425,447.4860184,941.3507936,563.6346024,493.6132635,361.6343469,564.5083933,564.5083933,612.0679
453.7798014,0,0.21,Zirconium,5.15,2734482.448,23374985,0.116983281,240,230,201,328.6,257.6,276,307,256,208.5598902,448.9043037,942.6801492,565.1987707,493.6402445,377.5508047,616.0671463,616.0671463,639.3515
469.8042291,0,0.246,Zirconium,5.15,2729388.831,23374985,0.116765373,240,230,201,328.6,257.6,276,307,256,227.3005883,498.5533658,985.2064218,618.2597031,494.6480113,210.4264422,264,264,322.3206
476.8729486,0,0.296,Zirconium,5.15,2722309.116,23374985,0.116462497,240,230,201,328.6,257.6,276,307,256,252.1137252,563.6361822,1032.500757,683.9053784,496.1723756,252.1011188,595,595,586.1093
493.8371266,0,0.298,Zirconium,5.15,2721726.272,23374985,0.116437562,240,230,201,328.6,257.6,276,307,256,253.0568134,566.0874044,1033.903822,686.2419588,496.2365452,286.5810023,348.5817774,372.9865,392.28058
490.8624986,0,0.309,Zirconium,5.15,2721016.492,23374985,0.116407197,240,230,201,328.6,257.6,276,307,256,258.4192611,580.2238227,1043.77915,700.0329291,496.5940563,292.6196674,360.0601979,399.6107,392.28058
511.9544643,0,0.392,Zirconium,5.15,2707891.356,23374985,0.115845694,240,230,201,328.6,257.6,276,307,256,296.7922413,678.5260324,1101.738364,792.3182849,499.5580033,304.5259181,362.6109581,388.961,399.90363
514.9665326,0,0.404,Zirconium,5.15,2706088.107,23374985,0.115768549,240,230,201,328.6,257.6,276,307,256,302.16559,692.1215702,1109.201613,804.7070803,500.028266,310.3975713,365.7994082,396.9482,402.7949
515.9886514,0,0.419,Zirconium,5.15,2703918.624,23374985,0.115675737,240,230,201,328.6,257.6,276,307,256,308.8332647,708.9441316,1118.331606,819.9364695,500.632027,274.321242,387.4808693,395.1733,414.11343
523.9933772,0,0.432,Zirconium,5.15,2703004.769,23374985,0.115636642,240,230,201,328.6,257.6,276,307,256,314.6478395,723.5630141,1126.815798,833.3081669,501.1699892,286.5810023,390.6693195,393.3984,419.62183
549.0577537,0,0.504,Zirconium,5.15,2692452.899,23374985,0.115185225,240,230,201,328.6,257.6,276,307,256,345.6455502,800.604938,1166.205493,901.3349677,504.4137031,274.321242,397.0462198,398.7232,424.35785
548.0768191,0,0.514,Zirconium,5.15,2690538.241,23374985,0.115103314,240,230,201,328.6,257.6,276,307,256,349.8205774,810.8697127,1170.985686,910.1553355,504.9019117,274.321242,421.916131,443.0968,432.29303
561.0610983,0,0.522,Zirconium,5.15,2689470.845,23374985,0.11505765,240,230,201,328.6,257.6,276,307,256,353.1883933,819.1406708,1175.122782,917.3471303,505.2994986,274.321242,418.7276808,526.5193,431.64066
554.1234197,0,0.55,Zirconium,5.15,2685638.378,23374985,0.114893694,240,230,201,328.6,257.6,276,307,256,364.8704546,847.678581,1189.194563,942.0262549,506.7417116,274.321242,413.6261606,531.8442,438.7273
570.2096238,0,0.623,Zirconium,5.15,2675989.397,23374985,0.114480903,240,230,201,328.6,257.6,276,307,256,394.7131359,919.7538011,1224.069457,1003.582639,510.9002594,232.1022254,379.0846172,491.9079,523.3251
328.2973621,0.067178503,0.1,Zirconium,5.15,2744235.415,23374985,0.117400521,240.5038388,230.403071,201.537428,328.9958829,258.1172745,276.6516315,307.7053743,256.4702495,143.246051,275.5615511,675.1097637,338.323205,490.9706615,276.5705673,372.9865,541.6064,538.43506
341.4868106,4.568138196,0.1,Zirconium,5.15,2743948.996,23374985,0.117388268,274.2610365,257.4088292,237.5451056,355.5200384,292.7746641,320.3109405,354.9654511,287.9769674,143.3409062,290.739893,732.3054092,359.2461027,490.9706615,276.5705673,399.6107,588.6424,551.37585
425.4196643,9.404990403,0.1,Zirconium,5.15,2743336.689,23374985,0.117362073,310.537428,286.4299424,276.2399232,384.0236084,330.0184261,367.2284069,405.7523992,321.8349328,143.4434489,307.1104056,793.8892353,381.7551113,490.9706615,277.6712909,388.961,616.1541,565.20886
487.7697842,15.04798464,0.1,Zirconium,5.15,2742207.914,23374985,0.117313783,352.8598848,320.2879079,321.3838772,417.2777735,373.4694818,421.9654511,465.0038388,361.3358925,143.5639039,326.2843188,865.8813441,408.0454833,490.9706615,278.0950714,396.9482,612.6042,591.55396
530.9352518,19.95201536,0.1,Zirconium,5.15,2740849.813,23374985,0.117255682,389.6401152,349.7120921,360.6161228,446.1772265,411.2305182,469.5345489,516.4961612,395.6641075,143.6693269,343.0102377,928.5603472,430.9168741,490.9706615,279.7906181,395.1733,648.9906,605.47217
564.5083933,25.39347409,0.1,Zirconium,5.15,2738915.131,23374985,0.117172915,430.4510557,382.3608445,404.1477927,478.2437428,453.1297505,522.3166987,573.6314779,433.7543186,143.7871384,361.6343469,998.218923,456.3179056,490.9706615,280.6386455,393.3984,631.2412,611.03784
616.0671463,30.02879079,0.1,Zirconium,5.15,2736898.245,23374985,0.117086631,465.2159309,410.1727447,441.2303263,505.5596641,488.8216891,567.2792706,622.3023033,466.2015355,143.888212,377.5508047,1057.638233,477.9728557,490.9706615,281.3808074,398.7232,657.8653,622.6185
322.0963,0,1.954,Platnium ,25,2544799.028,186163692,0.013669685,240,230,201,328.6,257.6,276,307,256,858.071653,1854.1809,1839.519417,1879.781514,667.9219345,282.6533869,443.0968,380.0862566,311.7051
320.345,0,1.846,Platnium ,25,2553420.05,186163692,0.013715994,240,230,201,328.6,257.6,276,307,256,824.0228112,1784.927076,1805.924735,1824.119498,648.6839144,282.5473232,526.5193,367.6616328,312.01303
316.8424,0,1.752,Platnium ,25,2561130.409,186163692,0.013757411,240,230,201,328.6,257.6,276,307,256,794.0171907,1723.649814,1776.220903,1774.549722,633.5500595,283.7141575,531.8442,405.8229773,332.97418
313.3398,0,1.658,Platnium ,25,2569047.801,186163692,0.01379994,240,230,201,328.6,257.6,276,307,256,763.6462314,1661.355356,1746.050903,1723.84959,619.7739723,301.3608909,491.9079,482.1456662,434.7851
306.3345,0,1.564512,Platnium ,25,2577142.8,186163692,0.013843423,240,230,201,328.6,257.6,276,307,256,733.0562679,1598.312074,1715.544405,1672.211532,607.298998,305.6236379,541.6064,491.9078706,481.41382
301.9562,0,1.452483,Platnium ,25,2587157.526,186163692,0.013897219,240,230,201,328.6,257.6,276,307,256,695.859002,1521.171002,1678.264842,1608.585149,593.8076377,309.6769628,588.6424,560.2433013,586.3436
296.7023,0,1.367375,Platnium ,25,2595014.218,186163692,0.013939422,240,230,201,328.6,257.6,276,307,256,667.1772862,1461.410172,1649.360753,1558.847864,584.5224243,314.481585,616.1541,600.1795921,666.546
293.1996,0,1.268783,Platnium ,25,2604408.419,186163692,0.013989884,240,230,201,328.6,257.6,276,307,256,633.4570298,1390.557973,1615.170962,1499.550989,574.709057,325.176221,612.6042,591.3048608,746.96643
293.1996,0,1.170129,Platnium ,25,2614151.829,186163692,0.014042222,240,230,201,328.6,257.6,276,307,256,599.1383397,1317.992769,1580.099686,1438.202712,565.8117235,331.7117494,648.9906,365.6401663,365.0459
283.5674,0,1.067162,Platnium ,25,2624724.962,186163692,0.014099016,240,230,201,328.6,257.6,276,307,256,562.6404619,1240.068678,1542.427702,1371.729809,554.4557759,334.500077,631.2412,367.4890686,369.5171
286.1944,0,0.968461,Platnium ,25,2635288.769,186163692,0.014155761,240,230,201,328.6,257.6,276,307,256,526.9292391,1162.994983,1505.097427,1305.311173,541.2385784,340.6184092,657.8653,364.4075647,371.4994
277.4378,0,0.865479,Platnium ,25,2646809.11,186163692,0.014217644,240,230,201,328.6,257.6,276,307,256,488.8121227,1079.830704,1464.582229,1232.6997,529.9425326,229.9444759,380.0862566,332.359924,371.4994
268.6813,0,0.798371,Platnium ,25,2654618.282,186163692,0.014259592,240,230,201,328.6,257.6,276,307,256,463.4406985,1023.812431,1437.116362,1183.247603,523.7284604,229.9685013,367.6616328,381.0476858,393.0141
258.1734,0,0.664031,Platnium ,25,2671051.471,186163692,0.014347865,240,230,201,328.6,257.6,276,307,256,411.1664707,906.7087405,1378.74897,1078.004114,513.5154309,231.6262786,405.8229773,384.1291898,386.72296
246.7898,0,0.579033,Platnium ,25,2682057.325,186163692,0.014406984,240,230,201,328.6,257.6,276,307,256,376.8704407,828.3573671,1338.563471,1005.994984,508.3240118,240.4249688,482.1456662,384.1291898,389.1501
238.0333,0,0.476051,Platnium ,25,2696078.311,186163692,0.014482299,240,230,201,328.6,257.6,276,307,256,333.7096004,727.9324601,1284.533995,911.0964098,503.0993749,244.9902171,491.9078706,443.9103657,418.33994
233.655,0,0.404381,Platnium ,25,2706279.936,186163692,0.014537099,240,230,201,328.6,257.6,276,307,256,302.3568099,653.5614057,1241.444935,838.3413568,500.0433807,257.2445999,560.2433013,443.9103657,465.36765
233.655,0,0.283304,Platnium ,25,2724097.26,186163692,0.014632806,240,230,201,328.6,257.6,276,307,256,245.9281172,516.7487632,1148.06447,695.7707318,495.7709004,270.0524348,600.1795921,473.4928032,499.82492
224.0228,0,0.189307,Platnium ,25,2737350.303,186163692,0.014703997,240,230,201,328.6,257.6,276,307,256,197.3681418,395.885553,1030.067837,553.7286763,493.0926688,291.5012564,591.3048608,494.4470298,483.95685
223.1471,0,0.108605,Platnium ,25,2744277.894,186163692,0.014741209,240,230,201,328.6,257.6,276,307,256,149.0598622,275.4751685,804.9178387,376.4701304,491.15918,211.5421411,365.6401663,553.6119049,501.0782
213.5149,0,0.032545,Platnium ,25,2717108.182,186163692,0.014595264,240,230,201,328.6,257.6,276,307,256,86.23792353,130.3846173,-397.5870335,-20.12923759,489.5990456,211.8149449,367.4890686,564.0890182,548.90533
218.9985,0,0.100877,Platnium ,25,2744245.481,186163692,0.014741035,240,230,201,328.6,257.6,276,307,256,143.851461,262.6721793,765.8965836,353.5946458,490.9897282,211.936205,364.4075647,567.1705221,573.53845
222.9489,0,0.192982,Platnium ,25,2736879.045,186163692,0.014701465,240,230,201,328.6,257.6,276,307,256,199.3841364,400.9735477,1036.278341,560.1591074,493.188285,211.936205,332.359924,592.4388542,613.00146
231.2437,0,0.298246,Platnium ,25,2721887.496,186163692,0.014620936,240,230,201,328.6,257.6,276,307,256,253.1918492,534.5435424,1161.824821,715.195789,496.2444556,213.2706283,381.0476858,610.9278777,616.2987
231.8455,0,0.407895,Platnium ,25,2705771.865,186163692,0.014534369,240,230,201,328.6,257.6,276,307,256,303.9240065,657.4546946,1243.704769,842.0693496,500.1833232,212.8762597,384.1291898,609.0789753,662.0303
237.2816,0,0.5,Platnium ,25,2692749.248,186163692,0.014464417,240,230,201,328.6,257.6,276,307,256,343.9271779,751.935766,1297.777468,934.0578485,504.2211103,213.0279293,384.1291898,406.42,423.38165
247.2515,0,0.592105,Platnium ,25,2680332.075,186163692,0.014397717,240,230,201,328.6,257.6,276,307,256,382.2157461,840.827915,1344.956801,1017.396567,509.0666793,214.9097329,443.9103657,355.42,371.20422
257.6288,0,0.679825,Platnium ,25,2669060.342,186163692,0.014337169,240,230,201,328.6,257.6,276,307,256,417.4266676,921.229983,1385.896591,1090.87442,514.5800898,218.3142378,443.9103657,297.43,315.32922
268.7149,0,0.789474,Platnium ,25,2655672.697,186163692,0.014265256,240,230,201,328.6,257.6,276,307,256,460.0425393,1016.272477,1433.401252,1176.549459,522.9648826,221.3289897,473.4928032,296.11,296.90274
276.5145,0,0.881579,Platnium ,25,2644972.168,186163692,0.014207777,240,230,201,328.6,257.6,276,307,256,494.8338937,1093.330612,1471.037444,1244.299549,531.5602485,219.8666627,494.4470298,410.48,423.38165
285.9224,0,0.97807,Platnium ,25,2634240.623,186163692,0.014150131,240,230,201,328.6,257.6,276,307,256,530.4395083,1170.603882,1508.790953,1311.905274,542.4148468,221.4509034,553.6119049,363.11,371.20422
284.1359,0,1.074561,Platnium ,25,2623950.528,186163692,0.014094857,240,230,201,328.6,257.6,276,307,256,565.287858,1245.703038,1545.175186,1376.597271,555.5545837,227.0982434,564.0890182,314.19,315.32922
291.8502,0,1.162281,Platnium ,25,2614942.666,186163692,0.01404647,240,230,201,328.6,257.6,276,307,256,596.3818212,1312.479111,1577.268973,1433.22827,565.1409088,231.1074432,567.1705221,304.08,296.90274
291.9236,0,1.27193,Platnium ,25,2604103.433,186163692,0.013988246,240,230,201,328.6,257.6,276,307,256,634.5419928,1393.306667,1616.274924,1501.473522,575.0075759,239.8274009,592.4388542,427.91,423.38165
297.5287,0,1.377193,Platnium ,25,2594096.317,186163692,0.013934491,240,230,201,328.6,257.6,276,307,256,670.5055573,1468.581209,1652.722652,1564.651331,585.5536796,240.6891534,610.9278777,353.5,371.20422
300.5008,0,1.473684,Platnium ,25,2585234.627,186163692,0.01388689,240,230,201,328.6,257.6,276,307,256,702.9456653,1535.900944,1685.384143,1620.781116,596.2462324,254.4005845,609.0789753,321.8,315.32922
304.3283,0,1.561404,Platnium ,25,2577415.893,186163692,0.01384489,240,230,201,328.6,257.6,276,307,256,732.0324398,1596.403511,1714.521132,1670.472828,606.903967,258.9014314,406.42,307.73,296.90274
313.2247,0,1.653509,Platnium ,25,2569431.507,186163692,0.013802001,240,230,201,328.6,257.6,276,307,256,762.1856973,1658.318422,1744.597179,1721.397471,619.1476549,249.2839006,355.42,430.3,419.04202
316.7273,0,1.767544,Platnium ,25,2559841.515,186163692,0.013750487,240,230,201,328.6,257.6,276,307,256,799.0036265,1734.094868,1781.164002,1782.822347,635.9554882,238.5543078,297.43,351.92,362.63245
320.3297,0,1.864035,Platnium ,25,2551963.215,186163692,0.013708168,240,230,201,328.6,257.6,276,307,256,829.739648,1796.564992,1811.573295,1833.507782,651.7537276,233.445393,296.11,307.21,320.72037
324.0504,0,1.960526,Platnium ,25,2544285.842,186163692,0.013666928,240,230,201,328.6,257.6,276,307,256,860.115055,1858.732505,1841.532043,1883.102999,669.1523235,258.0699223,430.3,305.4,297.90167
319.7685575,0,1.949738,Platnium ,41.6,2545134.644,186163692,0.013671488,240,230,201,328.6,257.6,276,307,256,856.7363008,1851.507827,1838.203969,1877.609803,667.1227156,247.740171,351.92,452.8,419.04202
312.6170582,0,1.757039,Platnium ,41.6,2560711.963,186163692,0.013755163,240,230,201,328.6,257.6,276,307,256,795.6347653,1726.93235,1777.824727,1777.234877,634.325751,239.7399512,307.21,367.68,362.63245
305.7688997,0,1.559871,Platnium ,41.6,2577550.691,186163692,0.013845614,240,230,201,328.6,257.6,276,307,256,731.5272771,1595.327505,1714.016187,1669.614687,606.7095722,233.8101344,305.4,333.41,320.72037
296.5931561,0,1.273095,Platnium ,41.6,2603990.617,186163692,0.01398764,240,230,201,328.6,257.6,276,307,256,634.9434909,1394.178191,1616.683383,1502.184714,575.1183242,258.0699223,452.8,311.96,297.90167
290.4038653,0,1.062553,Platnium ,41.6,2625208.566,186163692,0.014101614,240,230,201,328.6,257.6,276,307,256,560.9893269,1236.481061,1540.712859,1368.690272,557.0596375,247.740171,367.68,410.32,419.04202
261.8662746,0,0.766808,Platnium ,41.6,2658379.869,186163692,0.014279798,240,230,201,328.6,257.6,276,307,256,451.3469179,997.3035764,1423.850776,1159.324456,521.079303,239.7399512,333.41,356.29,362.63245
243.149181,0,0.57886,Platnium ,41.6,2682080.238,186163692,0.014407107,240,230,201,328.6,257.6,276,307,256,376.7995146,828.1940986,1338.478272,1005.843225,508.3143113,233.8101344,311.96,305.63,320.72037
236.3387719,0,0.484831,Platnium ,41.6,2694853.046,186163692,0.014475718,240,230,201,328.6,257.6,276,307,256,337.4693247,736.7684482,1289.445667,919.5845513,503.5044545,258.1222779,438.49,302.59,297.90167
230.1148497,0,0.377428,Platnium ,41.6,2710200.839,186163692,0.01455816,240,230,201,328.6,257.6,276,307,256,290.2207794,624.6407397,1223.477789,809.1061902,499.0017678,249.3271655,354.14,413.47,419.3167
226.1386696,0,0.292399,Platnium ,41.6,2722752.988,186163692,0.014625585,240,230,201,328.6,257.6,276,307,256,250.3614211,527.6748011,1156.544427,707.6713747,496.057477,237.9546282,330.61,372.15,371.44476
222.2187983,0,0.189165,Platnium ,41.6,2737368.374,186163692,0.014704094,240,230,201,328.6,257.6,276,307,256,197.2900039,395.8063636,1029.823908,553.4782779,493.0889881,233.9469751,309.98,322.3,312.73477
219.4830254,0,0.099903,Platnium ,41.6,2744224.916,186163692,0.014740924,240,230,201,328.6,257.6,276,307,256,143.1844005,261.1279135,760.5600842,350.5901069,490.9685547,259.2662833,439,310.77,298.29077
218.189414,0,0.050623,Platnium ,41.6,2733534.976,186163692,0.014683502,240,230,201,328.6,257.6,276,307,256,104.7306348,170.2291874,221.4426617,135.0501732,489.9488614,247.4186942,372.02,438.49,419.3167
217.234043,0,0.010421,Platnium ,41.6,2643575.365,186163692,0.014200274,240,230,201,328.6,257.6,276,307,256,51.8218609,67.40698539,-4161.533645,-550.9934364,489.1876313,239.051241,340,354.14,371.44476
319.8458801,0,1.951754,Platnium ,41.6,2544975.845,186163692,0.013670635,240,230,201,328.6,257.6,276,307,256,857.3680291,1852.751499,1838.826302,1878.637308,667.5003355,233.4071368,316.2,330.61,312.73477
305.6731383,0,1.557018,Platnium ,41.6,2577801.728,186163692,0.013846963,240,230,201,328.6,257.6,276,307,256,730.5868473,1593.324195,1713.076064,1668.016691,606.348585,257.6086597,427.01,309.98,298.29077
290.4956801,0,1.065789,Platnium ,41.6,2624868.93,186163692,0.01409979,240,230,201,328.6,257.6,276,307,256,562.1487586,1238.96959,1541.91713,1370.824948,554.2536398,248.3790935,354.03,432.98,419.3167
243.5099327,0,0.583333,Platnium ,41.6,2681488.473,186163692,0.014403928,240,230,201,328.6,257.6,276,307,256,378.6317857,832.4101173,1340.676141,1009.7597,508.5661919,238.5111292,313.51,350.04,371.44476
264.1386319,0,0.785088,Platnium ,41.6,2656194.192,186163692,0.014268057,240,230,201,328.6,257.6,276,307,256,458.3642304,1012.907129,1431.562933,1173.234518,522.5933789,233.4036218,297.52,316.52,312.73477
226.5784238,0,0.302632,Platnium ,41.6,2721237.844,186163692,0.014617447,240,230,201,328.6,257.6,276,307,256,255.3052749,539.8572868,1165.703578,720.7780501,496.3861413,264.4983505,335.17,311.84,298.29077
310.7128,0,1.950083639,Platnium ,16.67,2545107.412,186163692,0.013671342,240,230,201,328.6,257.6,276,307,256,856.84462,1851.886976,1838.31068,1877.785998,667.1874037,273.8535391,363.35,439,425.27246
308.0858,0,1.851476051,Platnium ,16.67,2552976.958,186163692,0.013713614,240,230,201,328.6,257.6,276,307,256,825.7599797,1788.453814,1807.641509,1826.974161,649.6101699,286.2104318,413.33,372.02,360.85254
299.3292,0,1.752978411,Platnium ,16.67,2561049.114,186163692,0.013756974,240,230,201,328.6,257.6,276,307,256,794.3313534,1724.963286,1776.532419,1775.071346,633.7003681,301.9530389,474.23,340,317.54852
300.2049,0,1.658792301,Platnium ,16.67,2568980.161,186163692,0.013799577,240,230,201,328.6,257.6,276,307,256,763.9038066,1662.041401,1746.307249,1724.281902,619.8847593,226.2045555,277.29,316.2,296.80133
294.0753,0,1.56024754,Platnium ,16.67,2577517.575,186163692,0.013845436,240,230,201,328.6,257.6,276,307,256,731.6513669,1595.591825,1714.140226,1669.825499,606.7572924,226.1987837,271.17,403.4,425.27246
294.0753,0,1.457108526,Platnium ,16.67,2586736.863,186163692,0.013894959,240,230,201,328.6,257.6,276,307,256,697.407066,1524.438479,1679.820754,1611.252396,594.3352773,227.3380252,274.01,354.98,360.85254
287.9457,0,1.372016681,Platnium ,16.67,2594579.875,186163692,0.013937089,240,230,201,328.6,257.6,276,307,256,668.7514515,1464.8023,1650.951091,1561.593786,585.0087117,226.7546347,274.68,288.12,317.54852
285.3187,0,1.277893398,Platnium ,16.67,2603526.454,186163692,0.013985146,240,230,201,328.6,257.6,276,307,256,636.5963367,1397.765353,1618.364493,1505.111035,575.5758366,230.3932472,322.77,289.93,296.80133
286.1944,0,1.161285763,Platnium ,16.67,2615043.127,186163692,0.014047009,240,230,201,328.6,257.6,276,307,256,596.0319673,1311.344386,1576.909545,1432.596402,565.0562156,232.312478,286.24,413.27,425.27246
279.1891,0,1.067241014,Platnium ,16.67,2624716.68,186163692,0.014098972,240,230,201,328.6,257.6,276,307,256,562.6687545,1240.571813,1542.457077,1371.781867,554.4674253,231.5675304,299.18,357.87,360.85254
265.1786,0,0.968837615,Platnium ,16.67,2635247.605,186163692,0.01415554,240,230,201,328.6,257.6,276,307,256,527.0669628,1163.639861,1505.242448,1305.57017,541.2842609,240.2922712,333.79,308.37,317.54852
260.8004,0,0.865777136,Platnium ,16.67,2646774.968,186163692,0.014217461,240,230,201,328.6,257.6,276,307,256,488.9238538,1080.47406,1464.702209,1232.915392,529.9720229,227.4080331,260.89,299.78,296.80133
250.2925,0,0.780763824,Platnium ,16.67,2656709.438,186163692,0.014270825,240,230,201,328.6,257.6,276,307,256,456.7075541,1008.863063,1429.74601,1169.957843,522.2302568,240.4336802,314.63,427.01,416.61716
245.0385,0,0.677719052,Platnium ,16.67,2669324.889,186163692,0.01433859,240,230,201,328.6,257.6,276,307,256,416.5938422,919.2944399,1384.948587,1089.166744,514.4361987,248.3591301,373.42,354.03,366.17654
241.5359,0,0.574642866,Platnium ,16.67,2682639.456,186163692,0.014410111,240,230,201,328.6,257.6,276,307,256,375.069077,824.2089784,1336.396538,1002.136735,508.0788733,257.0307659,406.1,313.51,315.1392
231.9037,0,0.476160932,Platnium ,16.67,2696062.936,186163692,0.014482217,240,230,201,328.6,257.6,276,307,256,333.7567763,728.0434387,1284.595916,911.2032055,503.1044034,0,0,297.52,296.792
227.5254,0,0.386553368,Platnium ,16.67,2708868.81,186163692,0.014551005,240,230,201,328.6,257.6,276,307,256,294.353102,634.3759195,1229.693284,819.1356931,499.3482165,0,0,432.59,416.61716
219.6445,0,0.189385313,Platnium ,16.67,2737340.332,186163692,0.014703943,240,230,201,328.6,257.6,276,307,256,197.411227,395.9933318,1030.202235,553.8667087,493.0946991,0,0,354.38,366.17654
217.8932,0,0.090762018,Platnium ,16.67,2743818.465,186163692,0.014738741,240,230,201,328.6,257.6,276,307,256,136.7956,245.4686455,704.9828377,320.8690873,490.771819,0,0,300.37,315.1392
211.7636,0,0.001185867,Platnium ,16.67,2428162.849,186163692,0.01304316,240,230,201,328.6,257.6,276,307,256,10.13483198,12.42633938,-44543.5064,-2802.614105,489.021157,0,0,299.71,296.792
217.0868,0,0.092105,Platnium ,16.67,2743904.53,186163692,0.014739203,240,230,201,328.6,257.6,276,307,256,137.7495712,247.7849605,713.8317011,325.4209709,490.8005005,0,0,448.19,416.61716
220.8399,0,0.20614,Platnium ,16.67,2735141.777,186163692,0.014692133,240,230,201,328.6,257.6,276,307,256,206.5083028,418.7983001,1057.034886,582.441986,493.5363922,0,0,361.92,366.17654
224.2736,0,0.311404,Platnium ,16.67,2719937.992,186163692,0.014610464,240,230,201,328.6,257.6,276,307,256,259.5078375,549.9098815,1173.26282,731.7897885,496.673231,0,0,323.7,315.1392
227.0794,0,0.399123,Platnium ,16.67,2707041.558,186163692,0.01454119,240,230,201,328.6,257.6,276,307,256,300.0055093,648.1442182,1238.029859,832.7284379,499.8357947,0,0,305.84,296.792
228.9171,0,0.504386,Platnium ,16.67,2692144.05,186163692,0.014461166,240,230,201,328.6,257.6,276,307,256,345.7857515,756.252391,1300.15213,938.1990845,504.4323691,0,0,335.17,294.92902
239.5313,0,0.587719,Platnium ,16.67,2680909.594,186163692,0.014400819,240,230,201,328.6,257.6,276,307,256,380.425296,836.6017423,1342.821303,1013.585309,508.815349,0,0,335.52,294.92902
243.073,0,0.692982,Platnium ,16.67,2667414.12,186163692,0.014328326,240,230,201,328.6,257.6,276,307,256,422.6167968,932.8495002,1391.785363,1101.485908,515.4927673,0,0,327.1,294.92902
247.6348,0,0.79386,Platnium ,16.67,2655152.323,186163692,0.014262461,240,230,201,328.6,257.6,276,307,256,461.7187954,1020.106417,1435.235019,1179.855839,523.3396265,0,0,363.35,323.63043
257.7042,0,0.868421,Platnium ,16.67,2646472.41,186163692,0.014215835,240,230,201,328.6,257.6,276,307,256,489.9143147,1082.321459,1465.765447,1234.826665,530.2343049,0,0,359.43,323.63043
264.5684,0,0.969298,Platnium ,16.67,2635197.295,186163692,0.01415527,240,230,201,328.6,257.6,276,307,256,527.2353043,1163.658749,1505.419698,1305.886714,541.3401508,0,0,350.82,323.63043
278.2845,0,1.070175,Platnium ,16.67,2624409.316,186163692,0.014097321,240,230,201,328.6,257.6,276,307,256,563.7190066,1242.340892,1543.547326,1373.713704,554.9012873,0,0,413.33,371.13586
284.8111,0,1.179825,Platnium ,16.67,2613178.069,186163692,0.014036991,240,230,201,328.6,257.6,276,307,256,602.5384062,1325.168211,1583.588277,1444.3286,566.6478007,0,0,406.7,371.13586
284.2614,0,1.280702,Platnium ,16.67,2603255.143,186163692,0.013983689,240,230,201,328.6,257.6,276,307,256,637.5631537,1399.206253,1619.347551,1506.821687,575.8446484,0,0,391.01,371.13586
285.5439,0,1.368421,Platnium ,16.67,2594916.279,186163692,0.013938896,240,230,201,328.6,257.6,276,307,256,667.5321254,1462.174878,1649.719279,1559.467001,584.6318119,0,0,474.23,430.8708
293.402,0,1.460526,Platnium ,16.67,2586426.473,186163692,0.013893292,240,230,201,328.6,257.6,276,307,256,698.5501261,1526.887404,1680.96935,1613.220733,594.7266835,0,0,463.92,430.8708
299.0983,0,1.557018,Platnium ,16.67,2577801.728,186163692,0.013846963,240,230,201,328.6,257.6,276,307,256,730.5868473,1593.324195,1713.076064,1668.016691,606.348585,0,0,464.15,430.8708
300.64,0,1.662281,Platnium ,16.67,2568682.51,186163692,0.013797978,240,230,201,328.6,257.6,276,307,256,765.0376474,1664.18195,1747.435578,1726.184448,620.3736274,0,0,277.29,303.60312
302.9579,0,1.763158,Platnium ,16.67,2560204.629,186163692,0.013752438,240,230,201,328.6,257.6,276,307,256,797.5976258,1731.129913,1779.770504,1780.491192,635.2729653,0,0,271.17,303.59302
306.8998,0,1.868421,Platnium ,16.67,2551609.986,186163692,0.013706271,240,230,201,328.6,257.6,276,307,256,831.1280389,1799.480319,1812.944605,1835.785181,652.5086939,0,0,274.01,305.94427
310.1795,0,1.964912,Platnium ,16.67,2543941.423,186163692,0.013665078,240,230,201,328.6,257.6,276,307,256,861.4875069,1861.113736,1842.883608,1885.332697,669.9837676,0,0,274.68,304.6477
206.8841,0,0.095555,Platnium ,16.67,2744082.233,186163692,0.014740158,240,230,201,328.6,257.6,276,307,256,140.1753811,253.7468917,735.4337521,336.8112995,490.8745313,0,0,322.77,315.60526
210.9464,0,0.192338,Platnium ,16.67,2736962.111,186163692,0.014701911,240,230,201,328.6,257.6,276,307,256,199.0317172,400.0465915,1035.204035,559.0391178,493.1714791,0,0,286.24,323.7407
212.9904,0,0.293473,Platnium ,16.67,2722594.072,186163692,0.014624732,240,230,201,328.6,257.6,276,307,256,250.8824578,528.9870845,1157.52404,709.0607222,496.0916599,0,0,299.18,320.42285
216.2789,0,0.398747,Platnium ,16.67,2707096.084,186163692,0.014541483,240,230,201,328.6,257.6,276,307,256,299.8370748,647.7302199,1237.784065,832.3254393,499.8210328,0,0,333.79,367.0681
219.5896,0,0.491364,Platnium ,16.67,2693944.946,186163692,0.01447084,240,230,201,328.6,257.6,276,307,256,340.2563715,743.3073432,1293.05722,925.8470814,503.8104676,0,0,260.89,306.1126
228.81,0,0.592051,Platnium ,16.67,2680339.177,186163692,0.014397755,240,230,201,328.6,257.6,276,307,256,382.1937207,840.5954742,1344.930566,1017.349729,509.0635717,0,0,314.63,367.9037
233.0579,0,0.680395,Platnium ,16.67,2668988.79,186163692,0.014336785,240,230,201,328.6,257.6,276,307,256,417.6519823,921.345852,1386.152917,1091.336183,514.6191389,0,0,373.42,414.62964
236.9118,0,0.777205,Platnium ,16.67,2657134.314,186163692,0.014273107,240,230,201,328.6,257.6,276,307,256,455.3425809,1005.996635,1428.247266,1167.25476,521.9337284,0,0,406.1,461.88226
247.7718,0,0.886251,Platnium ,16.67,2644441.677,186163692,0.014204927,240,230,201,328.6,257.6,276,307,256,496.5768156,1096.838815,1472.901679,1247.647593,532.0394226,0,0,0,0
255.7339,0,0.974385,Platnium ,16.67,2634642.062,186163692,0.014152287,240,230,201,328.6,257.6,276,307,256,529.0942295,1168.165245,1507.376116,1309.3799,541.9611067,0,0,0,0
269.2755,0,1.079081,Platnium ,16.67,2623478.584,186163692,0.014092321,240,230,201,328.6,257.6,276,307,256,566.9031867,1249.165633,1546.850354,1379.563543,556.2338018,0,0,0,0
278.0306,0,1.175627,Platnium ,16.67,2613599.225,186163692,0.014039253,240,230,201,328.6,257.6,276,307,256,601.0670548,1322.04412,1582.079019,1441.679008,566.2848157,0,0,0,0
277.5663,0,1.2727,Platnium ,16.67,2604028.863,186163692,0.013987845,240,230,201,328.6,257.6,276,307,256,634.8073696,1393.402939,1616.544906,1501.943611,575.0807599,0,0,0,0
277.5663,0,1.365527,Platnium ,16.67,2595187.337,186163692,0.013940352,240,230,201,328.6,257.6,276,307,256,666.5502357,1460.058727,1648.727125,1557.753521,584.3294452,0,0,0,0
285.513,0,1.470565,Platnium ,16.67,2585516.684,186163692,0.013888405,240,230,201,328.6,257.6,276,307,256,701.9045222,1533.738104,1684.338729,1618.991579,595.8842253,0,0,0,0
291.1913,0,1.558857,Platnium ,16.67,2577639.888,186163692,0.013846094,240,230,201,328.6,257.6,276,307,256,731.1930776,1594.426653,1713.682111,1669.046876,606.5811538,0,0,0,0
291.6671,0,1.672755,Platnium ,16.67,2567790.715,186163692,0.013793188,240,230,201,328.6,257.6,276,307,256,768.4385465,1671.648868,1750.818973,1731.886334,621.8516275,0,0,0,0
291.6671,0,1.757143,Platnium ,16.67,2560703.333,186163692,0.013755117,240,230,201,328.6,257.6,276,307,256,795.6681394,1727.060383,1777.857814,1777.290262,634.3418017,0,0,0,0
300.3003,0,1.870593,Platnium ,16.67,2551435.216,186163692,0.013705332,240,230,201,328.6,257.6,276,307,256,831.8153117,1800.923319,1813.62335,1836.912146,652.88379,0,0,0,0
300.7838,0,1.963394,Platnium ,16.67,2544060.583,186163692,0.013665718,240,230,201,328.6,257.6,276,307,256,861.0125795,1860.149868,1842.415928,1884.561233,669.695591,0,0,0,0
264,0,0.1,brass ,4.67,2744237.67,235905059.8,0.011632805,240,230,201,328.6,257.6,276,307,256,143.2446393,210.4264422,364.4550638,263.6303662,490.9706615,0,0,0,0
595,30,0.1,brass ,4.67,2736911.847,235905059.8,0.011601751,465,410,441,505.39,488.6,567,622,466,143.8875822,252.1011188,524.3862605,350.303518,490.9706615,0,0,0,0
348.5817774,0,0.105597785,Zirconium,6.35,2744290.164,23000000,0.119316964,240,230,201,328.6,257.6,276,307,256,147.0437219,286.5810023,707.193953,355.5254221,491.0929325,0,0,0,0
360.0601979,0,0.109019175,Zirconium,6.35,2744265.492,23000000,0.119315891,240,230,201,328.6,257.6,276,307,256,149.3281853,292.6196674,721.8231271,364.9919873,491.168335,0,0,0,0
362.6109581,0,0.115861956,Zirconium,6.35,2744104.31,23000000,0.119308883,240,230,201,328.6,257.6,276,307,256,153.8185741,304.5259181,748.6099849,383.1055003,491.3206812,0,0,0,0
365.7994082,0,0.119283346,Zirconium,6.35,2743974.174,23000000,0.119303225,240,230,201,328.6,257.6,276,307,256,156.0271443,310.3975713,760.9137957,391.7892206,491.3976319,0,0,0,0
387.4808693,0,0.098755005,Zirconium,6.35,2744208.753,23000000,0.119313424,240,230,201,328.6,257.6,276,307,256,142.3887152,274.321242,675.0211101,335.664712,490.9436512,0,0,0,0
390.6693195,0,0.105597785,Zirconium,6.35,2744290.164,23000000,0.119316964,240,230,201,328.6,257.6,276,307,256,147.0437219,286.5810023,707.193953,355.5254221,491.0929325,0,0,0,0
397.0462198,0,0.098755005,Zirconium,6.35,2744208.753,23000000,0.119313424,240,230,201,328.6,257.6,276,307,256,142.3887152,274.321242,675.0211101,335.664712,490.9436512,0,0,0,0
421.916131,0,0.098755005,Zirconium,6.35,2744208.753,23000000,0.119313424,240,230,201,328.6,257.6,276,307,256,142.3887152,274.321242,675.0211101,335.664712,490.9436512,0,0,0,0
418.7276808,0,0.098755005,Zirconium,6.35,2744208.753,23000000,0.119313424,240,230,201,328.6,257.6,276,307,256,142.3887152,274.321242,675.0211101,335.664712,490.9436512,0,0,0,0
413.6261606,0,0.098755005,Zirconium,6.35,2744208.753,23000000,0.119313424,240,230,201,328.6,257.6,276,307,256,142.3887152,274.321242,675.0211101,335.664712,490.9436512,0,0,0,0
420.0030609,0,0.150075857,Zirconium,6.35,2741804.944,23000000,0.119208911,240,230,201,328.6,257.6,276,307,256,175.0001878,361.2107458,848.2972117,461.2584797,492.1141571,0,0,0,0
417.4523008,0,0.150075857,Zirconium,6.35,2741804.944,23000000,0.119208911,240,230,201,328.6,257.6,276,307,256,175.0001878,361.2107458,848.2972117,461.2584797,492.1141571,0,0,0,0
411.7130905,0,0.150075857,Zirconium,6.35,2741804.944,23000000,0.119208911,240,230,201,328.6,257.6,276,307,256,175.0001878,361.2107458,848.2972117,461.2584797,492.1141571,0,0,0,0
469.1051933,0,0.197975319,Zirconium,6.35,2736228.411,23000000,0.118966453,240,230,201,328.6,257.6,276,307,256,202.1045534,433.821653,935.6519607,548.4919837,493.3193213,0,0,0,0
474.2067136,0,0.201396709,Zirconium,6.35,2735776.296,23000000,0.118946795,240,230,201,328.6,257.6,276,307,256,203.956497,438.9042725,940.5827156,554.0641499,493.4098574,0,0,0,0
477.3951638,0,0.201396709,Zirconium,6.35,2735776.296,23000000,0.118946795,240,230,201,328.6,257.6,276,307,256,203.956497,438.9042725,940.5827156,554.0641499,493.4098574,0,0,0,0
480.5836139,0,0.201396709,Zirconium,6.35,2735776.296,23000000,0.118946795,240,230,201,328.6,257.6,276,307,256,203.956497,438.9042725,940.5827156,554.0641499,493.4098574,0,0,0,0
459.5398429,0,0.273245902,Zirconium,6.35,2725579.555,23000000,0.118503459,240,230,201,328.6,257.6,276,307,256,240.9799901,537.3032,1022.410711,657.9326447,495.4599292,0,0,0,0
463.3659831,0,0.269824512,Zirconium,6.35,2726082.378,23000000,0.118525321,240,230,201,328.6,257.6,276,307,256,239.2854933,532.7013897,1019.197993,653.4438198,495.3555521,0,0,0,0
469.7428834,0,0.273245902,Zirconium,6.35,2725579.555,23000000,0.118503459,240,230,201,328.6,257.6,276,307,256,240.9799901,537.3032,1022.410711,657.9326447,495.4599292,0,0,0,0
478.6705438,0,0.273245902,Zirconium,6.35,2725579.555,23000000,0.118503459,240,230,201,328.6,257.6,276,307,256,240.9799901,537.3032,1022.410711,657.9326447,495.4599292,0,0,0,0
506.7289052,0,0.249296171,Zirconium,6.35,2729077.426,23000000,0.11865554,240,230,201,328.6,257.6,276,307,256,228.9893832,505.4793535,998.7684008,625.6805034,494.743923,0,0,0,0
512.4681155,0,0.249296171,Zirconium,6.35,2729077.426,23000000,0.11865554,240,230,201,328.6,257.6,276,307,256,228.9893832,505.4793535,998.7684008,625.6805034,494.743923,0,0,0,0
516.2942557,0,0.252717561,Zirconium,6.35,2728581.428,23000000,0.118633975,240,230,201,328.6,257.6,276,307,256,230.7214232,510.0684249,1002.322037,630.4121048,494.8441426,0,0,0,0
536.0626467,0,0.245874781,Zirconium,6.35,2729571.853,23000000,0.118677037,240,230,201,328.6,257.6,276,307,256,227.250609,500.8726249,995.1493459,620.9043378,494.64438,0,0,0,0
604.4903298,0,0.54581665,Zirconium,6.35,2686496.057,23000000,0.116804176,240,230,201,328.6,257.6,276,307,256,363.1608787,847.7295066,1198.104834,942.5414129,506.5211239,0,0,0,0
596.5192044,0,0.548192615,Zirconium,6.35,2686175.923,23000000,0.116790258,240,230,201,328.6,257.6,276,307,256,364.1477979,850.0188475,1199.288672,944.6229015,506.6461841,0,0,0,0
592.5336417,0,0.543440685,Zirconium,6.35,2686816.599,23000000,0.116818113,240,230,201,328.6,257.6,276,307,256,362.1729632,845.1841842,1196.917844,940.4553188,506.3966507,0,0,0,0
379.0846172,0,0.101511125,316 SS,6.68,2744256.754,5.10E+07,0.053808956,240,230,201,328.6,257.6,276,307,256,144.2844235,232.1022254,433.4846614,286.2461832,491.0035352,0,0,0,0
483.594928,0,0.251196943,316 SS,6.68,2728802.057,5.10E+07,0.053505923,240,230,201,328.6,257.6,276,307,256,229.9524496,414.2453686,639.4777785,513.3079615,494.7995167,0,0,0,0
470.309719,0,0.251196943,316 SS,6.68,2728802.057,5.10E+07,0.053505923,240,230,201,328.6,257.6,276,307,256,229.9524496,414.2453686,639.4777785,513.3079615,494.7995167,0,0,0,0
464.5527951,0,0.251196943,316 SS,6.68,2728802.057,5.10E+07,0.053505923,240,230,201,328.6,257.6,276,307,256,229.9524496,414.2453686,639.4777785,513.3079615,494.7995167,0,0,0,0
489.7946922,0,0.253572909,316 SS,6.68,2728457.2,5.10E+07,0.053499161,240,230,201,328.6,257.6,276,307,256,231.1533983,416.8073654,641.3423482,515.9831903,494.8693038,0,0,0,0
534.9644027,0,0.500673308,316 SS,6.68,2692656.252,5.10E+07,0.052797181,240,230,201,328.6,257.6,276,307,256,344.2127418,654.3044413,785.5927401,741.0198704,504.2534222,0,0,0,0
528.3217982,0,0.503049273,316 SS,6.68,2692328.349,5.10E+07,0.052790752,240,230,201,328.6,257.6,276,307,256,345.2197162,656.3758267,786.7292806,742.858235,504.367789,0,0,0,0
520.3506728,0,0.500673308,316 SS,6.68,2692656.252,5.10E+07,0.052797181,240,230,201,328.6,257.6,276,307,256,344.2127418,654.3044413,785.5927401,741.0198704,504.2534222,0,0,0,0
595.1906835,0,1.004377967,316 SS,6.68,2631393.203,5.10E+07,0.051595945,240,230,201,328.6,257.6,276,307,256,540.0120238,1048.02496,992.9098122,1070.762475,545.7521883,0,0,0,0
612.0186149,0,1.006753933,316 SS,6.68,2631137.624,5.10E+07,0.051590934,240,230,201,328.6,257.6,276,307,256,540.8738502,1049.612389,993.7903779,1072.125058,546.0622424,0,0,0,0
606.261691,0,1.002002002,316 SS,6.68,2631649.041,5.10E+07,0.051600962,240,230,201,328.6,257.6,276,307,256,539.1497547,1046.231855,992.0286478,1069.398613,545.4435894,0,0,0,0
632.832109,0,1.505706662,316 SS,6.68,2582355.103,5.10E+07,0.050634414,240,230,201,328.6,257.6,276,307,256,713.6071634,1385.53645,1168.193377,1335.518103,600.02899,0,0,0,0
624.4181433,0,1.505706662,316 SS,6.68,2582355.103,5.10E+07,0.050634414,240,230,201,328.6,257.6,276,307,256,713.6071634,1385.170343,1168.193377,1335.518103,600.02899,0,0,0,0
633.7177896,0,2.002283425,316 SS,6.68,2541022.323,5.10E+07,0.049823967,240,230,201,328.6,257.6,276,307,256,873.1532021,1690.234463,1327.156221,1566.053757,677.2180678,0,0,0,0
627.0751851,0,2.007035356,316 SS,6.68,2540653.123,5.10E+07,0.049816728,240,230,201,328.6,257.6,276,307,256,874.6329243,1693.051029,1328.624717,1568.14812,678.1574647,0,0,0,0
666.9421488,0,3.003378378,1018 carbon steel,6.68,2471289.8,1.62E+08,0.015254875,240,230,201,328.6,257.6,276,307,256,1169.334138,2117.835334,1506.651582,1852.925753,1016.681609,0,0,0,0
667.5853432,0,2.509329,1018 carbon steel,6.68,2503871.8,1.62E+08,0.015455999,240,230,201,328.6,257.6,276,307,256,1026.81125,1856.253375,1365.696028,1667.484591,807.4566352,0,0,0,0
668.2604271,0,2.491218905,1018 carbon steel,6.68,2505127.937,1.62E+08,0.015463753,240,230,201,328.6,257.6,276,307,256,1021.460227,1846.208181,1360.395952,1660.441403,801.5797406,0,0,0,0
665.8976334,0,2.507517991,1018 carbon steel,6.68,2503997.2,1.62E+08,0.015456773,240,230,201,328.6,257.6,276,307,256,1026.276574,1855.243361,1365.166471,1666.781115,806.8641449,0,0,0,0
667.9228851,0,2.000435336,1018 carbon steel,6.68,2541166.03,1.62E+08,0.01568621,240,230,201,328.6,257.6,276,307,256,872.5774993,1573.557742,1212.654049,1461.758319,676.8539278,0,0,0,0
665.8976334,0,2.000435336,1018 carbon steel,6.68,2541166.03,1.62E+08,0.01568621,240,230,201,328.6,257.6,276,307,256,872.5774993,1573.557742,1212.654049,1461.758319,676.8539278,0,0,0,0
664.2099237,0,2.009490384,1018 carbon steel,6.68,2540462.553,1.62E+08,0.015681868,240,230,201,328.6,257.6,276,307,256,875.3970875,1579.248113,1215.457606,1465.574051,678.6445444,0,0,0,0
651.7208716,0,2.007679374,1018 carbon steel,6.68,2540603.12,1.62E+08,0.015682735,240,230,201,328.6,257.6,276,307,256,874.8334052,1577.842584,1214.897148,1464.811401,678.2851227,0,0,0,0
653.4085814,0,1.507840758,1018 carbon steel,6.68,2582164.25,1.62E+08,0.015939285,240,230,201,328.6,257.6,276,307,256,714.3158915,1284.110244,1054.826585,1243.604132,600.2854169,0,0,0,0
654.0836653,0,1.507840758,1018 carbon steel,6.68,2582164.25,1.62E+08,0.015939285,240,230,201,328.6,257.6,276,307,256,714.3158915,1283.763771,1054.826585,1243.604132,600.2854169,0,0,0,0
596.7015341,0,1.511462777,1018 carbon steel,6.68,2581840.627,1.62E+08,0.015937288,240,230,201,328.6,257.6,276,307,256,715.5182483,1285.91948,1056.029818,1245.294526,600.7218829,0,0,0,0
565.9852168,0,1.507840758,1018 carbon steel,6.68,2582164.25,1.62E+08,0.015939285,240,230,201,328.6,257.6,276,307,256,714.3158915,511.2441371,1054.826585,1243.604132,600.2854169,0,0,0,0
524.4675572,0,1.502407729,1018 carbon steel,6.68,2582650.384,1.62E+08,0.015942286,240,230,201,328.6,257.6,276,307,256,712.5111589,1280.400017,1053.020392,1241.065789,599.6336748,0,0,0,0
666.9133847,0,1.064017671,1018 carbon steel,6.68,2625054.784,1.62E+08,0.016204042,240,230,201,328.6,257.6,276,307,256,561.5142011,1002.483894,901.0787845,1023.457287,553.9936713,0,0,0,0
661.8346285,0,1.053537292,1018 carbon steel,6.68,2626157.21,1.62E+08,0.016210847,240,230,201,328.6,257.6,276,307,256,557.7550204,995.6766719,897.2682878,1017.8862,552.474039,0,0,0,0
662.6159756,0,1.05458533,1018 carbon steel,6.68,2626046.752,1.62E+08,0.016210165,240,230,201,328.6,257.6,276,307,256,558.1313026,996.2281222,897.6497886,1018.444242,552.6245872,0,0,0,0
656.7558723,0,1.010567738,1018 carbon steel,6.68,2630727.922,1.62E+08,0.016239061,240,230,201,328.6,257.6,276,307,256,542.2562959,966.8485662,881.5380396,994.8232468,546.5629887,0,0,0,0
655.7791885,0,1.007423624,1018 carbon steel,6.68,2631065.634,1.62E+08,0.016241146,240,230,201,328.6,257.6,276,307,256,541.1166851,964.7635492,880.3800751,993.1213315,546.1498983,0,0,0,0
654.9978414,0,1.005327549,1018 carbon steel,6.68,2631291.027,1.62E+08,0.016242537,240,230,201,328.6,257.6,276,307,256,540.3565157,963.3300572,879.6075574,991.9856055,545.87593,0,0,0,0
599.2330987,0,0.541969035,1018 carbon steel,6.68,2687015.344,1.62E+08,0.016586514,240,230,201,328.6,257.6,276,307,256,361.5605555,628.8075291,693.7172147,711.0296406,506.3198463,0,0,0,0
595.5763943,0,0.54347821,1018 carbon steel,6.68,2686811.533,1.62E+08,0.016585256,240,230,201,328.6,257.6,276,307,256,362.1885737,629.9832948,694.3959985,712.0808195,506.398612,0,0,0,0
590.5132651,0,0.54347821,1018 carbon steel,6.68,2686811.533,1.62E+08,0.016585256,240,230,201,328.6,257.6,276,307,256,362.1885737,629.9832948,694.3959985,712.0808195,506.398612,0,0,0,0
589.1068403,0,0.544987384,1018 carbon steel,6.68,2686607.887,1.62E+08,0.016583999,240,230,201,328.6,257.6,276,307,256,362.8161871,631.1721386,695.0740265,713.1307049,506.4776134,0,0,0,0
585.7314208,0,0.541969035,1018 carbon steel,6.68,2687015.344,1.62E+08,0.016586514,240,230,201,328.6,257.6,276,307,256,361.5605555,627.1750474,693.7172147,711.0296406,506.3198463,0,0,0,0
585.4501358,0,0.499712147,1018 carbon steel,6.68,2692789.016,1.62E+08,0.016622154,240,230,201,328.6,257.6,276,307,256,343.8050658,586.909041,674.3834395,681.0442176,504.2073094,0,0,0,0
569.6981783,0,0.499712147,1018 carbon steel,6.68,2692789.016,1.62E+08,0.016622154,240,230,201,328.6,257.6,276,307,256,343.8050658,595.1240671,674.3834395,681.0442176,504.2073094,0,0,0,0
563.7911942,0,0.505748845,1018 carbon steel,6.68,2691956.282,1.62E+08,0.016617014,240,230,201,328.6,257.6,276,307,256,346.3624832,599.9644157,677.1864012,685.3960295,504.4983873,0,0,0,0
562.3847694,0,0.505748845,1018 carbon steel,6.68,2691956.282,1.62E+08,0.016617014,240,230,201,328.6,257.6,276,307,256,346.3624832,599.9644157,677.1864012,685.3960295,504.4983873,0,0,0,0
564.0724791,0,0.549514908,1018 carbon steel,6.68,2685997.935,1.62E+08,0.016580234,240,230,201,328.6,257.6,276,307,256,364.6966177,634.7333767,697.1036265,716.2726687,506.716039,0,0,0,0
555.9152154,0,0.505748845,1018 carbon steel,6.68,2691956.282,1.62E+08,0.016617014,240,230,201,328.6,257.6,276,307,256,346.3624832,599.9644157,677.1864012,685.3960295,504.4983873,0,0,0,0
492.3448152,0,0.252207518,1018 carbon steel,6.68,2728655.463,1.62E+08,0.016843552,240,230,201,328.6,257.6,276,307,256,230.4636411,377.8788495,537.4334462,472.0218333,494.8291593,0,0,0,0
478.8431373,0,0.249189169,1018 carbon steel,6.68,2729092.913,1.62E+08,0.016846253,240,230,201,328.6,257.6,276,307,256,228.9351068,374.9317033,535.2635519,468.8904546,494.7407996,0,0,0,0
431.0246947,0,0.268808439,1018 carbon steel,6.68,2726231.543,1.62E+08,0.01682859,240,230,201,328.6,257.6,276,307,256,238.7811286,393.9141766,548.9825916,488.8561166,495.3246905,0,0,0,0
429.3369849,0,0.271826788,1018 carbon steel,6.68,2725788.213,1.62E+08,0.016825853,240,230,201,328.6,257.6,276,307,256,240.2778651,396.8616051,551.0179517,491.8503505,495.4165502,0,0,0,0
423.9925707,0,0.267299264,1018 carbon steel,6.68,2726452.952,1.62E+08,0.016829956,240,230,201,328.6,257.6,276,307,256,238.0310214,392.6086135,547.9578698,487.3516159,495.2789661,0,0,0,0
419.7732964,0,0.270317613,1018 carbon steel,6.68,2726009.96,1.62E+08,0.016827222,240,230,201,328.6,257.6,276,307,256,239.5300728,395.3578481,550.0025937,490.3556755,495.3705517,0,0,0,0
416.6791619,0,0.270317613,1018 carbon steel,6.68,2726009.96,1.62E+08,0.016827222,240,230,201,328.6,257.6,276,307,256,239.5300728,395.3578481,550.0025937,490.3556755,495.3705517,0,0,0,0
387.7068113,0,0.114872633,1018 carbon steel,6.68,2744155.3,1.62E+08,0.01693923,240,230,201,328.6,257.6,276,307,256,153.1826452,229.9403427,388.7334882,290.7767851,491.2985273,0,0,0,0
385.4565317,0,0.116381807,1018 carbon steel,6.68,2744108.477,1.62E+08,0.016938941,240,230,201,328.6,257.6,276,307,256,154.1628603,231.7823206,391.5522616,293.517889,491.3323397,0,0,0,0
383.7688219,0,0.116381807,1018 carbon steel,6.68,2744108.477,1.62E+08,0.016938941,240,230,201,328.6,257.6,276,307,256,154.1628603,231.7823206,391.5522616,293.517889,491.3323397,0,0,0,0
381.2372573,0,0.113363458,1018 carbon steel,6.68,2744195.688,1.62E+08,0.01693948,240,230,201,328.6,257.6,276,307,256,152.1976932,228.0912217,385.8559511,288.0046566,491.2648158,0,0,0,0
334.5439545,0,0.108835934,1018 carbon steel,6.68,2744275.574,1.62E+08,0.016939973,240,230,201,328.6,257.6,276,307,256,149.2133115,222.4992296,376.8460503,279.4924357,491.1642837,0,0,0,0
330.8872501,0,0.110345109,1018 carbon steel,6.68,2744256.104,1.62E+08,0.016939852,240,230,201,328.6,257.6,276,307,256,150.2131416,224.3707654,379.9148421,282.3634975,491.1976943,0,0,0,0
372.9865,0,0.1,Zirconium,6.35,2744237.67,2.30E+07,0.119314681,240,230,201,328.6,257.6,276,307,256,143.2446393,276.5705673,681.190853,339.3766725,490.9706615,0,0,0,0
399.6107,0,0.1,Zirconium,6.35,2744237.67,2.30E+07,0.119314681,240,230,201,328.6,257.6,276,307,256,143.2446393,276.5705673,681.190853,339.3766725,490.9706615,0,0,0,0
388.961,0.323327,0.1,Zirconium,6.35,2744226.276,2.30E+07,0.119314186,242.4249525,231.939962,203.586616,330.505366,260.0896179,279.1362719,310.3949335,258.263289,143.2514348,277.6712909,685.3491444,340.8893591,490.9706615,0,0,0,0
396.9482,0.447786,0.1,Zirconium,6.35,2744221.527,2.30E+07,0.119313979,243.358395,232.686716,204.582288,331.2388029,261.0479522,280.3435242,311.701753,259.134502,143.2540513,278.0950714,686.9499651,341.4716737,490.9706615,0,0,0,0
395.1733,0.945622,0.1,Zirconium,6.35,2744200.507,2.30E+07,0.119313066,247.092165,235.673732,208.564976,334.1725504,264.8812894,285.1725334,316.929031,262.619354,143.2645215,279.7906181,693.3541339,343.801113,490.9706615,0,0,0,0
393.3984,1.19454,0.1,Zirconium,6.35,2744188.78,2.30E+07,0.119312556,248.95905,237.16724,210.55632,335.6394242,266.797958,287.587038,319.54267,264.36178,143.2697591,280.6386455,696.5567477,344.9659409,490.9706615,0,0,0,0
398.7232,1.412343,0.1,Zirconium,6.35,2744177.852,2.30E+07,0.119312081,250.5925725,238.474058,212.298744,336.9229373,268.4750411,289.6997271,321.8296015,265.886401,143.2743433,281.3808074,699.3593197,345.985223,490.9706615,0,0,0,0
443.0968,1.78572,0.1,Zirconium,6.35,2744157.666,2.30E+07,0.119311203,253.3929,240.71432,215.28576,339.123248,271.350044,293.321484,325.75006,268.50004,143.2822048,282.6533869,704.1643576,347.7326932,490.9706615,0,0,0,0
526.5193,1.754605,0.1,Zirconium,6.35,2744159.418,2.30E+07,0.119311279,253.1595375,240.52763,215.03684,338.9398873,271.1104585,293.0196685,325.4233525,268.282235,143.2815495,282.5473232,703.7639046,347.5870634,490.9706615,0,0,0,0
531.8442,2.096867,0.1,Zirconium,6.35,2744139.441,2.30E+07,0.11931041,255.7265025,242.581202,217.774936,340.9568372,273.7458759,296.3396099,329.0171035,270.678069,143.2887589,283.7141575,708.1691481,349.1890384,490.9706615,0,0,0,0
491.9079,7.261915,0.1,Zirconium,6.35,2743647.631,2.30E+07,0.119289027,294.4643625,273.57149,259.09532,371.3944651,313.5167455,346.4405755,383.2501075,306.833405,143.3979361,301.3608909,774.725963,373.3802067,490.9706615,0,0,0,0
541.6064,8.506505,0.1,Zirconium,6.35,2743474.81,2.30E+07,0.119281513,303.7987875,281.03903,269.05204,378.728834,323.1000885,358.5130985,396.3183025,315.545535,143.4243522,305.6236379,790.7847635,379.2137127,490.9706615,0,0,0,0
588.6424,9.688866,0.1,Zirconium,6.35,2743290.707,2.30E+07,0.119273509,312.666495,288.133196,278.510928,385.6964873,332.2042682,369.9820002,408.733093,323.822062,143.4494871,309.6769628,806.0478756,384.7570342,490.9706615,0,0,0,0
616.1541,11.08903,0.1,Zirconium,6.35,2743047.337,2.30E+07,0.119262928,323.167725,296.53418,289.71224,393.9476538,342.985531,383.563591,423.434815,333.62321,143.4793024,314.481585,824.1315363,391.3233283,490.9706615,0,0,0,0
612.6042,14.2005,0.1,Zirconium,6.35,2742406.631,2.30E+07,0.119235071,346.50375,315.203,314.604,412.2835465,366.94385,413.74485,456.10525,355.4035,143.5457559,325.176221,864.3508484,405.9219639,490.9706615,0,0,0,0
648.9906,16.0985,0.1,Zirconium,6.35,2741947.017,2.30E+07,0.119215088,360.73875,326.591,329.788,423.4684605,381.55845,432.15545,476.03425,368.6895,143.5864281,331.7117494,888.9064237,414.8316394,490.9706615,0,0,0,0
631.2412,16.90749,0.1,Zirconium,6.35,2741735.033,2.30E+07,0.119205871,366.806175,331.44494,336.25992,428.2358386,387.787673,440.002653,484.528645,374.35243,143.6037956,334.500077,899.3776325,418.6302327,490.9706615,0,0,0,0
657.8653,18.68103,0.1,Zirconium,6.35,2741236.275,2.30E+07,0.119184186,380.107725,342.08618,350.44824,438.6873098,401.443931,457.205991,503.150815,386.76721,143.6419367,340.6184092,922.3433026,426.9598702,490.9706615,0,0,0,0
380.0862566,0,0.1,316 stainless steel,63.5,2744237.67,5.10E+07,0.053808582,240,230,201,328.6,257.6,276,307,256,143.2446393,229.9444759,429.0556729,282.7536111,490.9706615,0,0,0,0
367.6616328,0.012179332,0.1,317 stainless steel,63.5,2744237.266,5.10E+07,0.053808574,240.091345,230.073076,201.0974347,328.6717728,257.6937809,276.1181395,307.127883,256.0852553,143.2448953,229.9685013,429.1390088,282.794214,490.9706615,0,0,0,0
405.8229773,0.852277502,0.1,318 stainless steel,63.5,2744204.695,5.10E+07,0.053807935,246.3920813,235.113665,207.81822,333.6224713,264.1625368,284.2670918,315.9489138,261.9659425,143.2625579,231.6262786,434.8883926,285.595203,490.9706615,0,0,0,0
482.1456662,5.301686329,0.1,319 stainless steel,63.5,2743876.701,5.10E+07,0.053801504,279.7626475,261.810118,243.4134906,359.8428375,298.4229847,327.4263574,362.6677065,293.1118043,143.3564166,240.4249688,465.3739724,300.4397404,490.9706615,0,0,0,0
491.9078706,7.604177609,0.1,320 stainless steel,63.5,2743602.238,5.10E+07,0.053796122,297.0313321,275.6250657,261.8334209,373.4114186,316.1521676,349.7605228,386.8438649,309.2292433,143.4051963,244.9902171,481.1720626,308.1276875,490.9706615,0,0,0,0
560.2433013,13.76489752,0.1,321 stainless steel,63.5,2742504.711,5.10E+07,0.053774602,343.2367314,312.5893851,311.1191802,409.7165411,363.5897109,409.5195059,451.531424,352.3542826,143.536436,257.2445999,523.512404,328.7174548,490.9706615,0,0,0,0
600.1795921,20.17453541,0.1,322 stainless steel,63.5,2740779.638,5.10E+07,0.053740777,391.3090156,351.0472125,362.3962833,447.4885372,412.9439227,471.6929935,518.8326218,397.2217479,143.6741272,270.0524348,567.6617951,350.1665039,490.9706615,0,0,0,0
591.3048608,30.84689365,0.1,323 stainless steel,63.5,2736506.059,5.10E+07,0.053656982,471.3517024,415.0813619,447.7751492,510.3807443,495.1210811,575.2148684,630.8923833,471.9282556,143.9061209,291.5012564,641.3597845,385.9329511,490.9706615,0,0,0,0
365.6401663,0.11935235,0.1,1018 carbon steel,6.68,2744233.623,1.62E+08,0.016939714,240.8951426,230.7161141,201.9548188,329.3033434,258.5190131,277.1577178,308.2531997,256.8354665,143.2471475,211.5421411,357.9452289,262.2504396,490.9706615,0,0,0,0
367.4890686,0.313819519,0.1,1019 carbon steel,6.68,2744226.63,1.62E+08,0.016939671,242.3536464,231.8829171,203.5105562,330.4493384,260.0164103,279.0440493,310.2951049,258.1967366,143.251235,211.8149449,358.943058,262.8025328,490.9706615,0,0,0,0
364.4075647,0.400249372,0.1,1020 carbon steel,6.68,2744223.364,1.62E+08,0.01693965,243.0018703,232.4014962,204.201995,330.9586695,260.6819202,279.8824189,311.2026184,258.8017456,143.2530519,211.936205,359.3865656,263.0479163,490.9706615,0,0,0,0
332.359924,0.400249372,0.1,1021 carbon steel,6.68,2744223.364,1.62E+08,0.01693965,243.0018703,232.4014962,204.201995,330.9586695,260.6819202,279.8824189,311.2026184,258.8017456,143.2530519,211.936205,359.3865656,263.0479163,490.9706615,0,0,0,0
381.0476858,1.350977753,0.1,1022 carbon steel,6.68,2744180.994,1.62E+08,0.016939389,250.1323331,238.1058665,211.807822,336.5613119,268.0025287,289.1044842,321.1852664,265.4568443,143.2730516,213.2706283,364.266277,265.7474879,490.9706615,0,0,0,0
384.1291898,1.070080732,0.1,1023 carbon steel,6.68,2744194.745,1.62E+08,0.016939474,248.0256055,236.4204844,209.5606459,334.9059858,265.8396216,286.3797831,318.2358477,263.4905651,143.2671401,212.8762597,362.8243295,264.94982,490.9706615,0,0,0,0
384.1291898,1.178118048,0.1,1024 carbon steel,6.68,2744189.578,1.62E+08,0.016939442,248.8358854,237.0687083,210.4249444,335.5426497,266.671509,287.4277451,319.3702395,264.2468263,143.2694135,213.0279293,363.3789035,265.2566087,490.9706615,0,0,0,0
443.9103657,2.517780767,0.1,1025 carbon steel,6.68,2744112.75,1.62E+08,0.016938968,258.8833558,245.1066846,221.1422461,343.4372821,276.9869119,300.4224734,333.4366981,273.6244654,143.2976293,214.9097329,370.2578111,269.0614745,490.9706615,0,0,0,0
443.9103657,4.937816648,0.1,1026 carbon steel,6.68,2743913.471,1.62E+08,0.016937737,277.0336249,259.6268999,240.5025332,357.6985535,295.6211882,323.8968215,358.8470748,290.5647165,143.348721,218.3142378,382.6943076,275.937942,490.9706615,0,0,0,0
473.4928032,7.076955507,0.1,1027 carbon steel,6.68,2743671.491,1.62E+08,0.016936244,293.0771663,272.461733,257.6156441,370.3044988,312.0925574,344.6464684,381.3080328,305.5386885,143.394014,221.3289897,393.6977692,282.0195416,490.9706615,0,0,0,0
494.4470298,6.039797272,0.1,1028 carbon steel,6.68,2743796.6,1.62E+08,0.016937016,285.2984795,266.2387836,249.3183782,364.1925253,304.106439,334.5860335,370.4178714,298.2785809,143.3720382,219.8666627,388.3615512,279.070508,490.9706615,0,0,0,0
553.6119049,7.16338536,0.1,1029 carbon steel,6.68,2743660.4,1.62E+08,0.016936175,293.7253902,272.9803122,258.3070829,370.8138299,312.7580673,345.484838,382.2155463,306.1436975,143.3958467,221.4509034,394.1425553,282.2653262,490.9706615,0,0,0,0
564.0890182,11.16076606,0.1,1030 carbon steel,6.68,2743034.123,1.62E+08,0.016932309,323.7057455,296.9645964,290.2861285,394.3703944,343.5378987,384.2594308,424.1880436,334.1253624,143.4808315,227.0982434,414.730456,293.6380805,490.9706615,0,0,0,0
567.1705221,13.99134374,0.1,1031 carbon steel,6.68,2742454.068,1.62E+08,0.016928729,344.9350781,313.9480624,312.9307499,411.0509887,365.3333468,411.7160343,453.9091093,353.9394062,143.5412802,231.1074432,429.3277211,301.6971618,490.9706615,0,0,0,0
592.4388542,20.12786329,0.1,1032 carbon steel,6.68,2740794.419,1.62E+08,0.016918484,390.9589747,350.7671797,362.0229063,447.2134984,412.5845473,471.2402739,518.3425645,396.895043,143.6731202,239.8274009,461.0229657,319.1844119,490.9706615,0,0,0,0
610.9278777,20.73287226,0.1,1033 carbon steel,6.68,2740600.241,1.62E+08,0.016917285,395.496542,354.3972336,366.8629781,450.7788162,417.2431164,477.1088609,524.6951587,401.1301058,143.6861783,240.6891534,464.1512601,320.9095963,490.9706615,0,0,0,0
609.0789753,30.32658593,0.1,1034 carbon steel,6.68,2736756.76,1.62E+08,0.01689356,467.4493945,411.9595156,443.6126874,507.3145709,491.1147117,570.1678835,625.4291523,468.2861015,143.8947285,254.4005845,513.8286549,348.2892084,490.9706615,0,0,0,0
406.42,14.77437,0.1,Stainless steel ,2.67,2742273.214,51662145.6,0.053080901,350.807775,318.64622,319.19496,415.6653624,371.362649,419.311389,462.130885,359.42059,143.5580425,258.9014314,529.2135662,331.7535781,490.9706615,0,0,0,0
355.42,9.926813,0.1,Stainless steel ,2.67,2743251.294,51662145.6,0.053099833,314.4510975,289.560878,280.414504,387.098709,334.0364601,372.2900861,411.2315365,325.487691,143.4545502,249.2839006,495.9843476,315.5758337,490.9706615,0,0,0,0
297.43,4.497781,0.1,Stainless steel ,2.67,2743955.548,51662145.6,0.053113465,273.7333575,256.986686,236.982248,355.1054234,292.2329137,319.6284757,354.2267005,287.484467,143.3394193,238.5543078,458.8425388,297.477878,490.9706615,0,0,0,0
296.11,1.904639,0.1,Stainless steel ,2.67,2744150.852,51662145.6,0.053117245,254.2847925,241.427834,216.237112,339.8240376,272.2657203,294.4749983,326.9987095,269.332473,143.2847095,233.445393,441.1313843,288.8416279,490.9706615,0,0,0,0
410.48,14.77437,0.1,Stainless steel ,2.67,2742273.214,51662145.6,0.053080901,350.807775,318.64622,319.19496,415.6653624,371.362649,419.311389,462.130885,359.42059,143.5580425,258.9014314,529.2135662,331.7535781,490.9706615,0,0,0,0
363.11,9.926813,0.1,Stainless steel ,2.67,2743251.294,51662145.6,0.053099833,314.4510975,289.560878,280.414504,387.098709,334.0364601,372.2900861,411.2315365,325.487691,143.4545502,249.2839006,495.9843476,315.5758337,490.9706615,0,0,0,0
314.19,4.497781,0.1,Stainless steel ,2.67,2743955.548,51662145.6,0.053113465,273.7333575,256.986686,236.982248,355.1054234,292.2329137,319.6284757,354.2267005,287.484467,143.3394193,238.5543078,458.8425388,297.477878,490.9706615,0,0,0,0
304.08,1.904639,0.1,Stainless steel ,2.67,2744150.852,51662145.6,0.053117245,254.2847925,241.427834,216.237112,339.8240376,272.2657203,294.4749983,326.9987095,269.332473,143.2847095,233.445393,441.1313843,288.8416279,490.9706615,0,0,0,0
427.91,14.77437,0.1,Stainless steel ,2.67,2742273.214,51662145.6,0.053080901,350.807775,318.64622,319.19496,415.6653624,371.362649,419.311389,462.130885,359.42059,143.5580425,258.9014314,529.2135662,331.7535781,490.9706615,0,0,0,0
353.5,9.926813,0.1,Stainless steel ,2.67,2743251.294,51662145.6,0.053099833,314.4510975,289.560878,280.414504,387.098709,334.0364601,372.2900861,411.2315365,325.487691,143.4545502,249.2839006,495.9843476,315.5758337,490.9706615,0,0,0,0
321.8,4.497781,0.1,Stainless steel ,2.67,2743955.548,51662145.6,0.053113465,273.7333575,256.986686,236.982248,355.1054234,292.2329137,319.6284757,354.2267005,287.484467,143.3394193,238.5543078,458.8425388,297.477878,490.9706615,0,0,0,0
307.73,1.904639,0.1,Stainless steel ,2.67,2744150.852,51662145.6,0.053117245,254.2847925,241.427834,216.237112,339.8240376,272.2657203,294.4749983,326.9987095,269.332473,143.2847095,233.445393,441.1313843,288.8416279,490.9706615,0,0,0,0
430.3,14.35594,0.1,Stainless steel ,2.67,2742370.967,51662145.6,0.053082793,347.66955,316.13564,315.84752,413.1995544,368.140738,415.252618,457.73737,356.49158,143.549083,258.0699223,526.3430039,330.3565139,490.9706615,0,0,0,0
351.92,9.147093,0.1,Stainless steel ,2.67,2743377.486,51662145.6,0.053102275,308.6031975,284.882558,274.176744,382.503819,328.0326161,364.7268021,403.0444765,320.029651,143.4379652,247.740171,490.6451015,312.975234,490.9706615,0,0,0,0
307.21,5.098822,0.1,Stainless steel ,2.67,2743897.422,51662145.6,0.05311234,278.241165,260.592932,241.790576,358.647358,296.8609294,325.4585734,360.537631,291.691754,143.3521257,239.7399512,462.9504296,299.4803643,490.9706615,0,0,0,0
305.4,2.089949,0.1,Stainless steel ,2.67,2744139.86,51662145.6,0.053117032,255.6746175,242.539694,217.719592,340.9160695,273.6926073,296.2725053,328.9444645,270.629643,143.2886132,233.8101344,442.3963948,289.4586069,490.9706615,0,0,0,0
452.8,14.35594,0.1,Stainless steel ,2.67,2742370.967,51662145.6,0.053082793,347.66955,316.13564,315.84752,413.1995544,368.140738,415.252618,457.73737,356.49158,143.549083,258.0699223,526.3430039,330.3565139,490.9706615,0,0,0,0
367.68,9.147093,0.1,Stainless steel ,2.67,2743377.486,51662145.6,0.053102275,308.6031975,284.882558,274.176744,382.503819,328.0326161,364.7268021,403.0444765,320.029651,143.4379652,247.740171,490.6451015,312.975234,490.9706615,0,0,0,0
333.41,5.098822,0.1,Stainless steel ,2.67,2743897.422,51662145.6,0.05311234,278.241165,260.592932,241.790576,358.647358,296.8609294,325.4585734,360.537631,291.691754,143.3521257,239.7399512,462.9504296,299.4803643,490.9706615,0,0,0,0
311.96,2.089949,0.1,Stainless steel ,2.67,2744139.86,51662145.6,0.053117032,255.6746175,242.539694,217.719592,340.9160695,273.6926073,296.2725053,328.9444645,270.629643,143.2886132,233.8101344,442.3963948,289.4586069,490.9706615,0,0,0,0
410.32,14.35594,0.1,Stainless steel ,2.67,2742370.967,51662145.6,0.053082793,347.66955,316.13564,315.84752,413.1995544,368.140738,415.252618,457.73737,356.49158,143.549083,258.0699223,526.3430039,330.3565139,490.9706615,0,0,0,0
356.29,9.147093,0.1,Stainless steel ,2.67,2743377.486,51662145.6,0.053102275,308.6031975,284.882558,274.176744,382.503819,328.0326161,364.7268021,403.0444765,320.029651,143.4379652,247.740171,490.6451015,312.975234,490.9706615,0,0,0,0
305.63,5.098822,0.1,Stainless steel ,2.67,2743897.422,51662145.6,0.05311234,278.241165,260.592932,241.790576,358.647358,296.8609294,325.4585734,360.537631,291.691754,143.3521257,239.7399512,462.9504296,299.4803643,490.9706615,0,0,0,0
302.59,2.089949,0.1,Stainless steel ,2.67,2744139.86,51662145.6,0.053117032,255.6746175,242.539694,217.719592,340.9160695,273.6926073,296.2725053,328.9444645,270.629643,143.2886132,233.8101344,442.3963948,289.4586069,490.9706615,0,0,0,0
413.47,14.38229,0.1,Stainless steel ,2.67,2742364.886,51662145.6,0.053082675,347.867175,316.29374,316.05832,413.354835,368.343633,415.508213,458.014045,356.67603,143.549647,258.1222779,526.5237608,330.4444885,490.9706615,0,0,0,0
372.15,9.948659,0.1,Stainless steel ,2.67,2743247.636,51662145.6,0.053099762,314.6149425,289.691954,280.589272,387.2274475,334.2046743,372.5019923,411.4609195,325.640613,143.4550151,249.3271655,496.1339643,315.6487031,490.9706615,0,0,0,0
322.3,4.193676,0.1,Stainless steel ,2.67,2743983.103,51662145.6,0.053113998,271.45257,255.162056,234.549408,353.3133327,289.8913052,316.6786572,351.033598,285.355732,143.332994,237.9546282,456.7644889,296.4648013,490.9706615,0,0,0,0
310.77,2.159465,0.1,Stainless steel ,2.67,2744135.62,51662145.6,0.05311695,256.1959875,242.95679,218.27572,341.3257272,274.2278805,296.9468105,329.6743825,271.116255,143.2900778,233.9469751,442.870969,289.6900636,490.9706615,0,0,0,0
438.49,14.38229,0.1,Stainless steel ,2.67,2742364.886,51662145.6,0.053082675,347.867175,316.29374,316.05832,413.354835,368.343633,415.508213,458.014045,356.67603,143.549647,258.1222779,526.5237608,330.4444885,490.9706615,0,0,0,0
354.14,9.948659,0.1,Stainless steel ,2.67,2743247.636,51662145.6,0.053099762,314.6149425,289.691954,280.589272,387.2274475,334.2046743,372.5019923,411.4609195,325.640613,143.4550151,249.3271655,496.1339643,315.6487031,490.9706615,0,0,0,0
330.61,4.193676,0.1,Stainless steel ,2.67,2743983.103,51662145.6,0.053113998,271.45257,255.162056,234.549408,353.3133327,289.8913052,316.6786572,351.033598,285.355732,143.332994,237.9546282,456.7644889,296.4648013,490.9706615,0,0,0,0
309.98,2.159465,0.1,Stainless steel ,2.67,2744135.62,51662145.6,0.05311695,256.1959875,242.95679,218.27572,341.3257272,274.2278805,296.9468105,329.6743825,271.116255,143.2900778,233.9469751,442.870969,289.6900636,490.9706615,0,0,0,0
432.98,14.38229,0.1,Stainless steel ,2.67,2742364.886,51662145.6,0.053082675,347.867175,316.29374,316.05832,413.354835,368.343633,415.508213,458.014045,356.67603,143.549647,258.1222779,526.5237608,330.4444885,490.9706615,0,0,0,0
350.04,9.948659,0.1,Stainless steel ,2.67,2743247.636,51662145.6,0.053099762,314.6149425,289.691954,280.589272,387.2274475,334.2046743,372.5019923,411.4609195,325.640613,143.4550151,249.3271655,496.1339643,315.6487031,490.9706615,0,0,0,0
316.52,4.193676,0.1,Stainless steel ,2.67,2743983.103,51662145.6,0.053113998,271.45257,255.162056,234.549408,353.3133327,289.8913052,316.6786572,351.033598,285.355732,143.332994,237.9546282,456.7644889,296.4648013,490.9706615,0,0,0,0
311.84,2.159465,0.1,Stainless steel ,2.67,2744135.62,51662145.6,0.05311695,256.1959875,242.95679,218.27572,341.3257272,274.2278805,296.9468105,329.6743825,271.116255,143.2900778,233.9469751,442.870969,289.6900636,490.9706615,0,0,0,0
439,14.95793,0.1,Stainless steel ,2.67,2742229.527,51662145.6,0.053080055,352.184475,319.74758,320.66344,416.7470815,372.776061,421.091921,464.058265,360.70551,143.5619745,259.2662833,530.4729782,332.3664895,490.9706615,0,0,0,0
372.02,8.984661,0.1,Stainless steel ,2.67,2743402.705,51662145.6,0.053102764,307.3849575,283.907966,272.877288,381.5466073,326.7818897,363.1512117,401.3389405,318.892627,143.4345123,247.4186942,489.5330274,312.4335308,490.9706615,0,0,0,0
340,4.749727,0.1,Stainless steel ,2.67,2743931.776,51662145.6,0.053113005,275.6229525,258.498362,238.997816,356.5901412,294.1728979,322.0723519,356.8721335,289.248089,143.3447444,239.051241,460.56437,298.317251,490.9706615,0,0,0,0
316.2,1.885201,0.1,Stainless steel ,2.67,2744151.978,51662145.6,0.053117267,254.1390075,241.311206,216.081608,339.7094895,272.1160477,294.2864497,326.7946105,269.196407,143.2843,233.4071368,440.9986976,288.7769118,490.9706615,0,0,0,0
403.4,14.95793,0.1,Stainless steel ,2.67,2742229.527,51662145.6,0.053080055,352.184475,319.74758,320.66344,416.7470815,372.776061,421.091921,464.058265,360.70551,143.5619745,259.2662833,530.4729782,332.3664895,490.9706615,0,0,0,0
354.98,8.984661,0.1,Stainless steel ,2.67,2743402.705,51662145.6,0.053102764,307.3849575,283.907966,272.877288,381.5466073,326.7818897,363.1512117,401.3389405,318.892627,143.4345123,247.4186942,489.5330274,312.4335308,490.9706615,0,0,0,0
288.12,4.749727,0.1,Stainless steel ,2.67,2743931.776,51662145.6,0.053113005,275.6229525,258.498362,238.997816,356.5901412,294.1728979,322.0723519,356.8721335,289.248089,143.3447444,239.051241,460.56437,298.317251,490.9706615,0,0,0,0
289.93,1.885201,0.1,Stainless steel ,2.67,2744151.978,51662145.6,0.053117267,254.1390075,241.311206,216.081608,339.7094895,272.1160477,294.2864497,326.7946105,269.196407,143.2843,233.4071368,440.9986976,288.7769118,490.9706615,0,0,0,0
413.27,14.95793,0.1,Stainless steel ,2.67,2742229.527,51662145.6,0.053080055,352.184475,319.74758,320.66344,416.7470815,372.776061,421.091921,464.058265,360.70551,143.5619745,259.2662833,530.4729782,332.3664895,490.9706615,0,0,0,0
357.87,8.984661,0.1,Stainless steel ,2.67,2743402.705,51662145.6,0.053102764,307.3849575,283.907966,272.877288,381.5466073,326.7818897,363.1512117,401.3389405,318.892627,143.4345123,247.4186942,489.5330274,312.4335308,490.9706615,0,0,0,0
308.37,4.749727,0.1,Stainless steel ,2.67,2743931.776,51662145.6,0.053113005,275.6229525,258.498362,238.997816,356.5901412,294.1728979,322.0723519,356.8721335,289.248089,143.3447444,239.051241,460.56437,298.317251,490.9706615,0,0,0,0
299.78,1.885201,0.1,Stainless steel ,2.67,2744151.978,51662145.6,0.053117267,254.1390075,241.311206,216.081608,339.7094895,272.1160477,294.2864497,326.7946105,269.196407,143.2843,233.4071368,440.9986976,288.7769118,490.9706615,0,0,0,0
427.01,14.12377,0.1,Stainless steel ,2.67,2742424.107,51662145.6,0.053083821,345.928275,314.74262,313.99016,411.8313766,366.353029,413.000569,455.299585,354.86639,143.5441139,257.6086597,524.7504259,329.5813898,490.9706615,0,0,0,0
354.03,9.469861,0.1,Stainless steel ,2.67,2743326.281,51662145.6,0.053101284,311.0239575,286.819166,276.758888,384.4058909,330.5179297,367.8576517,406.4335405,322.289027,143.4448286,248.3790935,492.8551077,314.0517079,490.9706615,0,0,0,0
313.51,4.475887,0.1,Stainless steel ,2.67,2743957.573,51662145.6,0.053113504,273.5691525,256.855322,236.807096,354.9764021,292.0643299,319.4161039,353.9968135,287.331209,143.3389566,238.5111292,458.692921,297.4049393,490.9706615,0,0,0,0
297.52,1.883415,0.1,Stainless steel ,2.67,2744152.081,51662145.6,0.053117269,254.1256125,241.30049,216.06732,339.6989646,272.1022955,294.2691255,326.7758575,269.183905,143.2842624,233.4036218,440.9865062,288.7709656,490.9706615,0,0,0,0
432.59,14.12377,0.1,Stainless steel ,2.67,2742424.107,51662145.6,0.053083821,345.928275,314.74262,313.99016,411.8313766,366.353029,413.000569,455.299585,354.86639,143.5441139,257.6086597,524.7504259,329.5813898,490.9706615,0,0,0,0
354.38,9.469861,0.1,Stainless steel ,2.67,2743326.281,51662145.6,0.053101284,311.0239575,286.819166,276.758888,384.4058909,330.5179297,367.8576517,406.4335405,322.289027,143.4448286,248.3790935,492.8551077,314.0517079,490.9706615,0,0,0,0
300.37,4.475887,0.1,Stainless steel ,2.67,2743957.573,51662145.6,0.053113504,273.5691525,256.855322,236.807096,354.9764021,292.0643299,319.4161039,353.9968135,287.331209,143.3389566,238.5111292,458.692921,297.4049393,490.9706615,0,0,0,0
299.71,1.883415,0.1,Stainless steel ,2.67,2744152.081,51662145.6,0.053117269,254.1256125,241.30049,216.06732,339.6989646,272.1022955,294.2691255,326.7758575,269.183905,143.2842624,233.4036218,440.9865062,288.7709656,490.9706615,0,0,0,0
448.19,14.12377,0.1,Stainless steel ,2.67,2742424.107,51662145.6,0.053083821,345.928275,314.74262,313.99016,411.8313766,366.353029,413.000569,455.299585,354.86639,143.5441139,257.6086597,524.7504259,329.5813898,490.9706615,0,0,0,0
361.92,9.469861,0.1,Stainless steel ,2.67,2743326.281,51662145.6,0.053101284,311.0239575,286.819166,276.758888,384.4058909,330.5179297,367.8576517,406.4335405,322.289027,143.4448286,248.3790935,492.8551077,314.0517079,490.9706615,0,0,0,0
323.7,4.475887,0.1,Stainless steel ,2.67,2743957.573,51662145.6,0.053113504,273.5691525,256.855322,236.807096,354.9764021,292.0643299,319.4161039,353.9968135,287.331209,143.3389566,238.5111292,458.692921,297.4049393,490.9706615,0,0,0,0
305.84,1.883415,0.1,Stainless steel ,2.67,2744152.081,51662145.6,0.053117269,254.1256125,241.30049,216.06732,339.6989646,272.1022955,294.2691255,326.7758575,269.183905,143.2842624,233.4036218,440.9865062,288.7709656,490.9706615,0,0,0,0
335.17,2.011752,0.1,Zirconium,2.67,2744144.554,41460642,0.066186736,255.08814,242.070512,217.094016,340.4552545,273.0904904,295.5139944,328.123396,270.082264,143.2869658,264.4983505,629.8484295,332.5180363,490.9706615,0,0,0,0
335.52,2.011752,0.1,Zirconium,2.67,2744144.554,41460642,0.066186736,255.08814,242.070512,217.094016,340.4552545,273.0904904,295.5139944,328.123396,270.082264,143.2869658,264.4983505,629.8484295,332.5180363,490.9706615,0,0,0,0
327.1,2.011752,0.1,Zirconium,2.67,2744144.554,41460642,0.066186736,255.08814,242.070512,217.094016,340.4552545,273.0904904,295.5139944,328.123396,270.082264,143.2869658,264.4983505,629.8484295,332.5180363,490.9706615,0,0,0,0
363.35,5.276989,0.1,Zirconium,2.67,2743879.254,41460642,0.066180337,279.5774175,261.661934,243.215912,359.6972962,298.2328153,327.1867933,362.4083845,292.938923,143.3558942,273.8535391,666.1546933,346.6022583,490.9706615,0,0,0,0
359.43,5.276989,0.1,Zirconium,2.67,2743879.254,41460642,0.066180337,279.5774175,261.661934,243.215912,359.6972962,298.2328153,327.1867933,362.4083845,292.938923,143.3558942,273.8535391,666.1546933,346.6022583,490.9706615,0,0,0,0
350.82,5.276989,0.1,Zirconium,2.67,2743879.254,41460642,0.066180337,279.5774175,261.661934,243.215912,359.6972962,298.2328153,327.1867933,362.4083845,292.938923,143.3558942,273.8535391,666.1546933,346.6022583,490.9706615,0,0,0,0
413.33,9.577287,0.1,Zirconium,2.67,2743308.915,41460642,0.066166581,311.8296525,287.463722,277.618296,385.0389523,331.3451099,368.8996839,407.5615135,323.041009,143.4471135,286.2104318,714.0442441,365.167393,490.9706615,0,0,0,0
406.7,9.577287,0.1,Zirconium,2.67,2743308.915,41460642,0.066166581,311.8296525,287.463722,277.618296,385.0389523,331.3451099,368.8996839,407.5615135,323.041009,143.4471135,286.2104318,714.0442441,365.167393,490.9706615,0,0,0,0
391.01,9.577287,0.1,Zirconium,2.67,2743308.915,41460642,0.066166581,311.8296525,287.463722,277.618296,385.0389523,331.3451099,368.8996839,407.5615135,323.041009,143.4471135,286.2104318,714.0442441,365.167393,490.9706615,0,0,0,0
474.23,15.0359,0.1,Zirconium,2.67,2742210.821,41460642,0.066140095,352.76925,320.2154,321.2872,417.2065587,373.37643,421.84823,464.87695,361.2513,143.5636449,301.9530389,774.9463388,388.7580503,490.9706615,0,0,0,0
463.92,15.0359,0.1,Zirconium,2.67,2742210.821,41460642,0.066140095,352.76925,320.2154,321.2872,417.2065587,373.37643,421.84823,464.87695,361.2513,143.5636449,301.9530389,774.9463388,388.7580503,490.9706615,0,0,0,0
464.15,15.0359,0.1,Zirconium,2.67,2742210.821,41460642,0.066140095,352.76925,320.2154,321.2872,417.2065587,373.37643,421.84823,464.87695,361.2513,143.5636449,301.9530389,774.9463388,388.7580503,490.9706615,0,0,0,0
277.29,2.071746,0.1,Inconel,2.67,2744140.96,85592111.22,0.032060676,255.538095,242.430476,217.573968,340.8087992,273.5524442,296.0959362,328.753333,270.502222,143.2882297,226.2045555,418.7220041,282.6451177,490.9706615,0,0,0,0
271.17,2.068447,0.1,Inconel,2.67,2744141.159,85592111.22,0.032060678,255.5133525,242.410682,217.547576,340.7893582,273.5270419,296.0639359,328.7186935,270.479129,143.2881602,226.1987837,418.7012514,282.6346382,490.9706615,0,0,0,0
274.01,2.719435,0.1,Inconel,2.67,2744099.13,85592111.22,0.032060187,260.3957625,246.31661,222.75548,344.6256305,278.5396495,302.3785195,335.5540675,275.036045,143.3018806,227.3380252,422.796942,284.702727,490.9706615,0,0,0,0
274.68,2.386115,0.1,Inconel,2.67,2744121.351,85592111.22,0.032060447,257.8958625,244.31669,220.08892,342.6613757,275.9730855,299.1453155,332.0542075,272.702805,143.294854,226.7546347,420.6997148,283.6437793,490.9706615,0,0,0,0
322.77,4.463594,0.1,Inconel,2.67,2743958.708,85592111.22,0.032058547,273.476955,256.781564,236.708752,354.9039594,291.9696738,319.2968618,353.867737,287.245158,143.3386968,230.3932472,433.7759626,290.2452655,490.9706615,0,0,0,0
286.24,5.558015,0.1,Inconel,2.67,2743849.723,85592111.22,0.032057274,281.6851125,263.34809,245.46412,361.3533824,300.3967155,329.9127455,365.3591575,294.906105,143.36184,232.312478,440.669178,293.7242648,490.9706615,0,0,0,0
299.18,5.133328,0.1,Inconel,2.67,2743893.937,85592111.22,0.03205779,278.49996,260.799968,242.066624,358.8507019,297.1266256,325.7932816,360.899944,291.933296,143.3528555,231.5675304,437.9939122,292.3741421,490.9706615,0,0,0,0
333.79,10.0985,0.1,Inconel,2.67,2743222.363,85592111.22,0.032049944,315.73875,290.591,281.788,388.1104605,335.35845,373.95545,413.03425,326.6895,143.4582043,240.2922712,469.3000976,308.1671427,490.9706615,0,0,0,0
260.89,2.759428,0.1,Inconel,2.67,2744096.365,85592111.22,0.032060155,260.69571,246.556568,223.075424,344.8613092,278.8475956,302.7664516,335.973994,275.315996,143.3027239,227.4080331,423.0485956,284.8297894,490.9706615,0,0,0,0
314.63,10.17882,0.1,Inconel,2.67,2743208.686,85592111.22,0.032049784,316.34115,291.07292,282.43056,388.5837863,335.976914,374.734554,413.87761,327.25174,143.4599141,240.4336802,469.8070299,308.4227652,490.9706615,0,0,0,0
373.42,14.67282,0.1,Inconel,2.67,2742297.172,85592111.22,0.032039135,350.04615,318.03692,318.38256,415.0669283,370.580714,418.326354,461.06461,358.70974,143.5558676,248.3591301,498.1945633,322.7320838,490.9706615,0,0,0,0
406.1,19.57329,0.1,Inconel,2.67,2740967.523,85592111.22,0.0320236,386.799675,347.43974,357.58632,443.945398,408.314333,465.860913,512.519545,393.01303,143.6611602,257.0307659,529.2003431,338.3503002,490.9706615,0,0,0,0