Tmin (C ),Subcooling  (oC),System pressure (MPa),Material ,L/D,_f,_w,_f/_w
279.4366197,0,0.1,Stainless steel,5,2744237.67,47857410,0.05734196
389.8591549,10.00105195,0.1,Stainless steel,5,2743238.835,47857410,0.057321089
547.6056338,20.02618199,0.1,Stainless steel,5,2740826.507,47857410,0.057270682
671.5492958,29.88884343,0.1,Stainless steel,5,2736964.233,47857410,0.057189978
727.8873239,39.84150546,0.1,Stainless steel,5,2731450.957,47857410,0.057074776
275,0,0.1,Stainless steel,5,2744237.67,47857410,0.05734196
275,0,0.1,Cu,5,2744237.67,1379121205,0.001989845
295,0,0.1,Zr,5,2744237.67,23374985,0.117400617
487.9065834,15.5,0.1,Zirconium,5,2742097.639,23374985,0.117309065
323.5688264,0,0.1,Zirconium,5,2744237.67,23374985,0.117400617
551.0300113,0,0.5,Zirconium,5,2692469.331,23374985,0.115185928
323.8636364,0,0.1,zirconium,5.1,2744237.67,23374985,0.117400617
551.3636364,0,0.5,zirconium,5.1,2692469.331,23374985,0.115185928
330.0675454,0,0.1,zirconium,5.1,2744237.67,23374985,0.117400617
493.1897174,15,0.1,zirconium,5.1,2742219.445,23374985,0.117314276
434.5924323,0,0.1,Zr2O,5.1,2744237.67,5168800,0.530923555
596.1308938,15,0.1,Zr2O,5.1,2742219.445,5168800,0.530533092
433.0316742,0,0.1,Zr2O,5.1,2744237.67,5168800,0.530923555
624.6606335,0,0.5,Zr2O,5.1,2692469.331,5168800,0.520908012
326.8760686,0,0.098,Zirconium,5.15,2744187.933,23374985,0.11739849
411.8092794,0,0.172,Zirconium,5.15,2739365.242,23374985,0.117192171
430.8289272,0,0.209,Zirconium,5.15,2734619.154,23374985,0.11698913
453.7798014,0,0.21,Zirconium,5.15,2734482.448,23374985,0.116983281
469.8042291,0,0.246,Zirconium,5.15,2729388.831,23374985,0.116765373
476.8729486,0,0.296,Zirconium,5.15,2722309.116,23374985,0.116462497
493.8371266,0,0.298,Zirconium,5.15,2721726.272,23374985,0.116437562
490.8624986,0,0.309,Zirconium,5.15,2721016.492,23374985,0.116407197
511.9544643,0,0.392,Zirconium,5.15,2707891.356,23374985,0.115845694
514.9665326,0,0.404,Zirconium,5.15,2706088.107,23374985,0.115768549
515.9886514,0,0.419,Zirconium,5.15,2703918.624,23374985,0.115675737
523.9933772,0,0.432,Zirconium,5.15,2703004.769,23374985,0.115636642
549.0577537,0,0.504,Zirconium,5.15,2692452.899,23374985,0.115185225
548.0768191,0,0.514,Zirconium,5.15,2690538.241,23374985,0.115103314
561.0610983,0,0.522,Zirconium,5.15,2689470.845,23374985,0.11505765
554.1234197,0,0.55,Zirconium,5.15,2685638.378,23374985,0.114893694
570.2096238,0,0.623,Zirconium,5.15,2675989.397,23374985,0.114480903
328.2973621,0.067178503,0.1,Zirconium,5.15,2744235.415,23374985,0.117400521
341.4868106,4.568138196,0.1,Zirconium,5.15,2743948.996,23374985,0.117388268
425.4196643,9.404990403,0.1,Zirconium,5.15,2743336.689,23374985,0.117362073
487.7697842,15.04798464,0.1,Zirconium,5.15,2742207.914,23374985,0.117313783
530.9352518,19.95201536,0.1,Zirconium,5.15,2740849.813,23374985,0.117255682
564.5083933,25.39347409,0.1,Zirconium,5.15,2738915.131,23374985,0.117172915
616.0671463,30.02879079,0.1,Zirconium,5.15,2736898.245,23374985,0.117086631
322.0963,0,1.954,Platnium ,25,2544799.028,186163692,0.013669685
320.345,0,1.846,Platnium ,25,2553420.05,186163692,0.013715994
316.8424,0,1.752,Platnium ,25,2561130.409,186163692,0.013757411
313.3398,0,1.658,Platnium ,25,2569047.801,186163692,0.01379994
306.3345,0,1.564512,Platnium ,25,2577142.8,186163692,0.013843423
301.9562,0,1.452483,Platnium ,25,2587157.526,186163692,0.013897219
296.7023,0,1.367375,Platnium ,25,2595014.218,186163692,0.013939422
293.1996,0,1.268783,Platnium ,25,2604408.419,186163692,0.013989884
293.1996,0,1.170129,Platnium ,25,2614151.829,186163692,0.014042222
283.5674,0,1.067162,Platnium ,25,2624724.962,186163692,0.014099016
286.1944,0,0.968461,Platnium ,25,2635288.769,186163692,0.014155761
277.4378,0,0.865479,Platnium ,25,2646809.11,186163692,0.014217644
268.6813,0,0.798371,Platnium ,25,2654618.282,186163692,0.014259592
258.1734,0,0.664031,Platnium ,25,2671051.471,186163692,0.014347865
246.7898,0,0.579033,Platnium ,25,2682057.325,186163692,0.014406984
238.0333,0,0.476051,Platnium ,25,2696078.311,186163692,0.014482299
233.655,0,0.404381,Platnium ,25,2706279.936,186163692,0.014537099
233.655,0,0.283304,Platnium ,25,2724097.26,186163692,0.014632806
224.0228,0,0.189307,Platnium ,25,2737350.303,186163692,0.014703997
223.1471,0,0.108605,Platnium ,25,2744277.894,186163692,0.014741209
213.5149,0,0.032545,Platnium ,25,2717108.182,186163692,0.014595264
218.9985,0,0.100877,Platnium ,25,2744245.481,186163692,0.014741035
222.9489,0,0.192982,Platnium ,25,2736879.045,186163692,0.014701465
231.2437,0,0.298246,Platnium ,25,2721887.496,186163692,0.014620936
231.8455,0,0.407895,Platnium ,25,2705771.865,186163692,0.014534369
237.2816,0,0.5,Platnium ,25,2692749.248,186163692,0.014464417
247.2515,0,0.592105,Platnium ,25,2680332.075,186163692,0.014397717
257.6288,0,0.679825,Platnium ,25,2669060.342,186163692,0.014337169
268.7149,0,0.789474,Platnium ,25,2655672.697,186163692,0.014265256
276.5145,0,0.881579,Platnium ,25,2644972.168,186163692,0.014207777
285.9224,0,0.97807,Platnium ,25,2634240.623,186163692,0.014150131
284.1359,0,1.074561,Platnium ,25,2623950.528,186163692,0.014094857
291.8502,0,1.162281,Platnium ,25,2614942.666,186163692,0.01404647
291.9236,0,1.27193,Platnium ,25,2604103.433,186163692,0.013988246
297.5287,0,1.377193,Platnium ,25,2594096.317,186163692,0.013934491
300.5008,0,1.473684,Platnium ,25,2585234.627,186163692,0.01388689
304.3283,0,1.561404,Platnium ,25,2577415.893,186163692,0.01384489
313.2247,0,1.653509,Platnium ,25,2569431.507,186163692,0.013802001
316.7273,0,1.767544,Platnium ,25,2559841.515,186163692,0.013750487
320.3297,0,1.864035,Platnium ,25,2551963.215,186163692,0.013708168
324.0504,0,1.960526,Platnium ,25,2544285.842,186163692,0.013666928
602.9772,0,1.949738,Platnium ,41.6,2545134.644,186163692,0.013671488
595.972,0,1.757039,Platnium ,41.6,2560711.963,186163692,0.013755163
588.0911,0,1.559871,Platnium ,41.6,2577550.691,186163692,0.013845614
575.8319,0,1.273095,Platnium ,41.6,2603990.617,186163692,0.01398764
563.5727,0,1.062553,Platnium ,41.6,2625208.566,186163692,0.014101614
551.3135,0,0.766808,Platnium ,41.6,2658379.869,186163692,0.014279798
529.4221,0,0.57886,Platnium ,41.6,2682080.238,186163692,0.014407107
521.5412,0,0.484831,Platnium ,41.6,2694853.046,186163692,0.014475718
509.282,0,0.377428,Platnium ,41.6,2710200.839,186163692,0.01455816
499.6497,0,0.292399,Platnium ,41.6,2722752.988,186163692,0.014625585
504.9037,0,0.189165,Platnium ,41.6,2737368.374,186163692,0.014704094
481.2609,0,0.099903,Platnium ,41.6,2744224.916,186163692,0.014740924
478.634,0,0.050623,Platnium ,41.6,2733534.976,186163692,0.014683502
469.8774,0,0.010421,Platnium ,41.6,2643575.365,186163692,0.014200274
332.6507,0,1.951754,Platnium ,41.6,2544975.845,186163692,0.013670635
314.8312,0,1.557018,Platnium ,41.6,2577801.728,186163692,0.013846963
290.459,0,1.065789,Platnium ,41.6,2624868.93,186163692,0.01409979
256.0195,0,0.583333,Platnium ,41.6,2681488.473,186163692,0.014403928
274.8377,0,0.785088,Platnium ,41.6,2656194.192,186163692,0.014268057
227.0642,0,0.302632,Platnium ,41.6,2721237.844,186163692,0.014617447
310.7128,0,1.950083639,Platnium ,16.67,2545107.412,186163692,0.013671342
308.0858,0,1.851476051,Platnium ,16.67,2552976.958,186163692,0.013713614
299.3292,0,1.752978411,Platnium ,16.67,2561049.114,186163692,0.013756974
300.2049,0,1.658792301,Platnium ,16.67,2568980.161,186163692,0.013799577
294.0753,0,1.56024754,Platnium ,16.67,2577517.575,186163692,0.013845436
294.0753,0,1.457108526,Platnium ,16.67,2586736.863,186163692,0.013894959
287.9457,0,1.372016681,Platnium ,16.67,2594579.875,186163692,0.013937089
285.3187,0,1.277893398,Platnium ,16.67,2603526.454,186163692,0.013985146
286.1944,0,1.161285763,Platnium ,16.67,2615043.127,186163692,0.014047009
279.1891,0,1.067241014,Platnium ,16.67,2624716.68,186163692,0.014098972
265.1786,0,0.968837615,Platnium ,16.67,2635247.605,186163692,0.01415554
260.8004,0,0.865777136,Platnium ,16.67,2646774.968,186163692,0.014217461
250.2925,0,0.780763824,Platnium ,16.67,2656709.438,186163692,0.014270825
245.0385,0,0.677719052,Platnium ,16.67,2669324.889,186163692,0.01433859
241.5359,0,0.574642866,Platnium ,16.67,2682639.456,186163692,0.014410111
231.9037,0,0.476160932,Platnium ,16.67,2696062.936,186163692,0.014482217
227.5254,0,0.386553368,Platnium ,16.67,2708868.81,186163692,0.014551005
219.6445,0,0.189385313,Platnium ,16.67,2737340.332,186163692,0.014703943
217.8932,0,0.090762018,Platnium ,16.67,2743818.465,186163692,0.014738741
211.7636,0,0.001185867,Platnium ,16.67,2428162.849,186163692,0.01304316
217.0868,0,0.092105,Platnium ,16.67,2743904.53,186163692,0.014739203
220.8399,0,0.20614,Platnium ,16.67,2735141.777,186163692,0.014692133
224.2736,0,0.311404,Platnium ,16.67,2719937.992,186163692,0.014610464
227.0794,0,0.399123,Platnium ,16.67,2707041.558,186163692,0.01454119
228.9171,0,0.504386,Platnium ,16.67,2692144.05,186163692,0.014461166
239.5313,0,0.587719,Platnium ,16.67,2680909.594,186163692,0.014400819
243.073,0,0.692982,Platnium ,16.67,2667414.12,186163692,0.014328326
247.6348,0,0.79386,Platnium ,16.67,2655152.323,186163692,0.014262461
257.7042,0,0.868421,Platnium ,16.67,2646472.41,186163692,0.014215835
264.5684,0,0.969298,Platnium ,16.67,2635197.295,186163692,0.01415527
278.2845,0,1.070175,Platnium ,16.67,2624409.316,186163692,0.014097321
284.8111,0,1.179825,Platnium ,16.67,2613178.069,186163692,0.014036991
284.2614,0,1.280702,Platnium ,16.67,2603255.143,186163692,0.013983689
285.5439,0,1.368421,Platnium ,16.67,2594916.279,186163692,0.013938896
293.402,0,1.460526,Platnium ,16.67,2586426.473,186163692,0.013893292
299.0983,0,1.557018,Platnium ,16.67,2577801.728,186163692,0.013846963
300.64,0,1.662281,Platnium ,16.67,2568682.51,186163692,0.013797978
302.9579,0,1.763158,Platnium ,16.67,2560204.629,186163692,0.013752438
306.8998,0,1.868421,Platnium ,16.67,2551609.986,186163692,0.013706271
310.1795,0,1.964912,Platnium ,16.67,2543941.423,186163692,0.013665078
206.8841,0,0.095555,Platnium ,16.67,2744082.233,186163692,0.014740158
210.9464,0,0.192338,Platnium ,16.67,2736962.111,186163692,0.014701911
212.9904,0,0.293473,Platnium ,16.67,2722594.072,186163692,0.014624732
216.2789,0,0.398747,Platnium ,16.67,2707096.084,186163692,0.014541483
219.5896,0,0.491364,Platnium ,16.67,2693944.946,186163692,0.01447084
228.81,0,0.592051,Platnium ,16.67,2680339.177,186163692,0.014397755
233.0579,0,0.680395,Platnium ,16.67,2668988.79,186163692,0.014336785
236.9118,0,0.777205,Platnium ,16.67,2657134.314,186163692,0.014273107
247.7718,0,0.886251,Platnium ,16.67,2644441.677,186163692,0.014204927
255.7339,0,0.974385,Platnium ,16.67,2634642.062,186163692,0.014152287
269.2755,0,1.079081,Platnium ,16.67,2623478.584,186163692,0.014092321
278.0306,0,1.175627,Platnium ,16.67,2613599.225,186163692,0.014039253
277.5663,0,1.2727,Platnium ,16.67,2604028.863,186163692,0.013987845
277.5663,0,1.365527,Platnium ,16.67,2595187.337,186163692,0.013940352
285.513,0,1.470565,Platnium ,16.67,2585516.684,186163692,0.013888405
291.1913,0,1.558857,Platnium ,16.67,2577639.888,186163692,0.013846094
291.6671,0,1.672755,Platnium ,16.67,2567790.715,186163692,0.013793188
291.6671,0,1.757143,Platnium ,16.67,2560703.333,186163692,0.013755117
300.3003,0,1.870593,Platnium ,16.67,2551435.216,186163692,0.013705332
300.7838,0,1.963394,Platnium ,16.67,2544060.583,186163692,0.013665718
264,0,0.1,brass ,4.67,2744237.67,235905059.8,0.011632805
595,30,0.1,brass ,4.67,2736911.847,235905059.8,0.011601751
348.5817774,0,0.105597785,Zirconium,6.35,2744290.164,23000000,0.119316964
360.0601979,0,0.109019175,Zirconium,6.35,2744265.492,23000000,0.119315891
362.6109581,0,0.115861956,Zirconium,6.35,2744104.31,23000000,0.119308883
365.7994082,0,0.119283346,Zirconium,6.35,2743974.174,23000000,0.119303225
387.4808693,0,0.098755005,Zirconium,6.35,2744208.753,23000000,0.119313424
390.6693195,0,0.105597785,Zirconium,6.35,2744290.164,23000000,0.119316964
397.0462198,0,0.098755005,Zirconium,6.35,2744208.753,23000000,0.119313424
421.916131,0,0.098755005,Zirconium,6.35,2744208.753,23000000,0.119313424
418.7276808,0,0.098755005,Zirconium,6.35,2744208.753,23000000,0.119313424
413.6261606,0,0.098755005,Zirconium,6.35,2744208.753,23000000,0.119313424
420.0030609,0,0.150075857,Zirconium,6.35,2741804.944,23000000,0.119208911
417.4523008,0,0.150075857,Zirconium,6.35,2741804.944,23000000,0.119208911
411.7130905,0,0.150075857,Zirconium,6.35,2741804.944,23000000,0.119208911
469.1051933,0,0.197975319,Zirconium,6.35,2736228.411,23000000,0.118966453
474.2067136,0,0.201396709,Zirconium,6.35,2735776.296,23000000,0.118946795
477.3951638,0,0.201396709,Zirconium,6.35,2735776.296,23000000,0.118946795
480.5836139,0,0.201396709,Zirconium,6.35,2735776.296,23000000,0.118946795
459.5398429,0,0.273245902,Zirconium,6.35,2725579.555,23000000,0.118503459
463.3659831,0,0.269824512,Zirconium,6.35,2726082.378,23000000,0.118525321
469.7428834,0,0.273245902,Zirconium,6.35,2725579.555,23000000,0.118503459
478.6705438,0,0.273245902,Zirconium,6.35,2725579.555,23000000,0.118503459
506.7289052,0,0.249296171,Zirconium,6.35,2729077.426,23000000,0.11865554
512.4681155,0,0.249296171,Zirconium,6.35,2729077.426,23000000,0.11865554
516.2942557,0,0.252717561,Zirconium,6.35,2728581.428,23000000,0.118633975
536.0626467,0,0.245874781,Zirconium,6.35,2729571.853,23000000,0.118677037
604.4903298,0,0.54581665,Zirconium,6.35,2686496.057,23000000,0.116804176
596.5192044,0,0.548192615,Zirconium,6.35,2686175.923,23000000,0.116790258
592.5336417,0,0.543440685,Zirconium,6.35,2686816.599,23000000,0.116818113
379.0846172,0,0.101511125,316 SS,6.68,2744256.754,5.10E+07,0.053808956
483.594928,0,0.251196943,316 SS,6.68,2728802.057,5.10E+07,0.053505923
470.309719,0,0.251196943,316 SS,6.68,2728802.057,5.10E+07,0.053505923
464.5527951,0,0.251196943,316 SS,6.68,2728802.057,5.10E+07,0.053505923
489.7946922,0,0.253572909,316 SS,6.68,2728457.2,5.10E+07,0.053499161
534.9644027,0,0.500673308,316 SS,6.68,2692656.252,5.10E+07,0.052797181
528.3217982,0,0.503049273,316 SS,6.68,2692328.349,5.10E+07,0.052790752
520.3506728,0,0.500673308,316 SS,6.68,2692656.252,5.10E+07,0.052797181
595.1906835,0,1.004377967,316 SS,6.68,2631393.203,5.10E+07,0.051595945
612.0186149,0,1.006753933,316 SS,6.68,2631137.624,5.10E+07,0.051590934
606.261691,0,1.002002002,316 SS,6.68,2631649.041,5.10E+07,0.051600962
632.832109,0,1.505706662,316 SS,6.68,2582355.103,5.10E+07,0.050634414
624.4181433,0,1.505706662,316 SS,6.68,2582355.103,5.10E+07,0.050634414
633.7177896,0,2.002283425,316 SS,6.68,2541022.323,5.10E+07,0.049823967
627.0751851,0,2.007035356,316 SS,6.68,2540653.123,5.10E+07,0.049816728
666.9421488,0,3.003378378,1018 carbon steel,6.68,2471289.8,1.62E+08,0.015254875
667.5853432,0,2.509329,1018 carbon steel,6.68,2503871.8,1.62E+08,0.015455999
668.2604271,0,2.491218905,1018 carbon steel,6.68,2505127.937,1.62E+08,0.015463753
665.8976334,0,2.507517991,1018 carbon steel,6.68,2503997.2,1.62E+08,0.015456773
667.9228851,0,2.000435336,1018 carbon steel,6.68,2541166.03,1.62E+08,0.01568621
665.8976334,0,2.000435336,1018 carbon steel,6.68,2541166.03,1.62E+08,0.01568621
664.2099237,0,2.009490384,1018 carbon steel,6.68,2540462.553,1.62E+08,0.015681868
651.7208716,0,2.007679374,1018 carbon steel,6.68,2540603.12,1.62E+08,0.015682735
653.4085814,0,1.507840758,1018 carbon steel,6.68,2582164.25,1.62E+08,0.015939285
654.0836653,0,1.507840758,1018 carbon steel,6.68,2582164.25,1.62E+08,0.015939285
596.7015341,0,1.511462777,1018 carbon steel,6.68,2581840.627,1.62E+08,0.015937288
565.9852168,0,1.507840758,1018 carbon steel,6.68,2582164.25,1.62E+08,0.015939285
524.4675572,0,1.502407729,1018 carbon steel,6.68,2582650.384,1.62E+08,0.015942286
666.9133847,0,1.064017671,1018 carbon steel,6.68,2625054.784,1.62E+08,0.016204042
661.8346285,0,1.053537292,1018 carbon steel,6.68,2626157.21,1.62E+08,0.016210847
662.6159756,0,1.05458533,1018 carbon steel,6.68,2626046.752,1.62E+08,0.016210165
656.7558723,0,1.010567738,1018 carbon steel,6.68,2630727.922,1.62E+08,0.016239061
655.7791885,0,1.007423624,1018 carbon steel,6.68,2631065.634,1.62E+08,0.016241146
654.9978414,0,1.005327549,1018 carbon steel,6.68,2631291.027,1.62E+08,0.016242537
599.2330987,0,0.541969035,1018 carbon steel,6.68,2687015.344,1.62E+08,0.016586514
595.5763943,0,0.54347821,1018 carbon steel,6.68,2686811.533,1.62E+08,0.016585256
590.5132651,0,0.54347821,1018 carbon steel,6.68,2686811.533,1.62E+08,0.016585256
589.1068403,0,0.544987384,1018 carbon steel,6.68,2686607.887,1.62E+08,0.016583999
585.7314208,0,0.541969035,1018 carbon steel,6.68,2687015.344,1.62E+08,0.016586514
585.4501358,0,0.499712147,1018 carbon steel,6.68,2692789.016,1.62E+08,0.016622154
569.6981783,0,0.499712147,1018 carbon steel,6.68,2692789.016,1.62E+08,0.016622154
563.7911942,0,0.505748845,1018 carbon steel,6.68,2691956.282,1.62E+08,0.016617014
562.3847694,0,0.505748845,1018 carbon steel,6.68,2691956.282,1.62E+08,0.016617014
564.0724791,0,0.549514908,1018 carbon steel,6.68,2685997.935,1.62E+08,0.016580234
555.9152154,0,0.505748845,1018 carbon steel,6.68,2691956.282,1.62E+08,0.016617014
492.3448152,0,0.252207518,1018 carbon steel,6.68,2728655.463,1.62E+08,0.016843552
478.8431373,0,0.249189169,1018 carbon steel,6.68,2729092.913,1.62E+08,0.016846253
431.0246947,0,0.268808439,1018 carbon steel,6.68,2726231.543,1.62E+08,0.01682859
429.3369849,0,0.271826788,1018 carbon steel,6.68,2725788.213,1.62E+08,0.016825853
423.9925707,0,0.267299264,1018 carbon steel,6.68,2726452.952,1.62E+08,0.016829956
419.7732964,0,0.270317613,1018 carbon steel,6.68,2726009.96,1.62E+08,0.016827222
416.6791619,0,0.270317613,1018 carbon steel,6.68,2726009.96,1.62E+08,0.016827222
387.7068113,0,0.114872633,1018 carbon steel,6.68,2744155.3,1.62E+08,0.01693923
385.4565317,0,0.116381807,1018 carbon steel,6.68,2744108.477,1.62E+08,0.016938941
383.7688219,0,0.116381807,1018 carbon steel,6.68,2744108.477,1.62E+08,0.016938941
381.2372573,0,0.113363458,1018 carbon steel,6.68,2744195.688,1.62E+08,0.01693948
334.5439545,0,0.108835934,1018 carbon steel,6.68,2744275.574,1.62E+08,0.016939973
330.8872501,0,0.110345109,1018 carbon steel,6.68,2744256.104,1.62E+08,0.016939852
372.9865,0,0.1,Zirconium,6.35,2744237.67,2.30E+07,0.119314681
399.6107,0,0.1,Zirconium,6.35,2744237.67,2.30E+07,0.119314681
388.961,0.323327,0.1,Zirconium,6.35,2744226.276,2.30E+07,0.119314186
396.9482,0.447786,0.1,Zirconium,6.35,2744221.527,2.30E+07,0.119313979
395.1733,0.945622,0.1,Zirconium,6.35,2744200.507,2.30E+07,0.119313066
393.3984,1.19454,0.1,Zirconium,6.35,2744188.78,2.30E+07,0.119312556
398.7232,1.412343,0.1,Zirconium,6.35,2744177.852,2.30E+07,0.119312081
443.0968,1.78572,0.1,Zirconium,6.35,2744157.666,2.30E+07,0.119311203
526.5193,1.754605,0.1,Zirconium,6.35,2744159.418,2.30E+07,0.119311279
531.8442,2.096867,0.1,Zirconium,6.35,2744139.441,2.30E+07,0.11931041
491.9079,7.261915,0.1,Zirconium,6.35,2743647.631,2.30E+07,0.119289027
541.6064,8.506505,0.1,Zirconium,6.35,2743474.81,2.30E+07,0.119281513
588.6424,9.688866,0.1,Zirconium,6.35,2743290.707,2.30E+07,0.119273509
616.1541,11.08903,0.1,Zirconium,6.35,2743047.337,2.30E+07,0.119262928
612.6042,14.2005,0.1,Zirconium,6.35,2742406.631,2.30E+07,0.119235071
648.9906,16.0985,0.1,Zirconium,6.35,2741947.017,2.30E+07,0.119215088
631.2412,16.90749,0.1,Zirconium,6.35,2741735.033,2.30E+07,0.119205871
657.8653,18.68103,0.1,Zirconium,6.35,2741236.275,2.30E+07,0.119184186
380.0862566,0,0.1,316 stainless steel,63.5,2744237.67,5.10E+07,0.053808582
367.6616328,0.012179332,0.1,317 stainless steel,63.5,2744237.266,5.10E+07,0.053808574
405.8229773,0.852277502,0.1,318 stainless steel,63.5,2744204.695,5.10E+07,0.053807935
482.1456662,5.301686329,0.1,319 stainless steel,63.5,2743876.701,5.10E+07,0.053801504
491.9078706,7.604177609,0.1,320 stainless steel,63.5,2743602.238,5.10E+07,0.053796122
560.2433013,13.76489752,0.1,321 stainless steel,63.5,2742504.711,5.10E+07,0.053774602
600.1795921,20.17453541,0.1,322 stainless steel,63.5,2740779.638,5.10E+07,0.053740777
591.3048608,30.84689365,0.1,323 stainless steel,63.5,2736506.059,5.10E+07,0.053656982
365.6401663,0.11935235,0.1,1018 carbon steel,6.68,2744233.623,1.62E+08,0.016939714
367.4890686,0.313819519,0.1,1019 carbon steel,6.68,2744226.63,1.62E+08,0.016939671
364.4075647,0.400249372,0.1,1020 carbon steel,6.68,2744223.364,1.62E+08,0.01693965
332.359924,0.400249372,0.1,1021 carbon steel,6.68,2744223.364,1.62E+08,0.01693965
381.0476858,1.350977753,0.1,1022 carbon steel,6.68,2744180.994,1.62E+08,0.016939389
384.1291898,1.070080732,0.1,1023 carbon steel,6.68,2744194.745,1.62E+08,0.016939474
384.1291898,1.178118048,0.1,1024 carbon steel,6.68,2744189.578,1.62E+08,0.016939442
443.9103657,2.517780767,0.1,1025 carbon steel,6.68,2744112.75,1.62E+08,0.016938968
443.9103657,4.937816648,0.1,1026 carbon steel,6.68,2743913.471,1.62E+08,0.016937737
473.4928032,7.076955507,0.1,1027 carbon steel,6.68,2743671.491,1.62E+08,0.016936244
494.4470298,6.039797272,0.1,1028 carbon steel,6.68,2743796.6,1.62E+08,0.016937016
553.6119049,7.16338536,0.1,1029 carbon steel,6.68,2743660.4,1.62E+08,0.016936175
564.0890182,11.16076606,0.1,1030 carbon steel,6.68,2743034.123,1.62E+08,0.016932309
567.1705221,13.99134374,0.1,1031 carbon steel,6.68,2742454.068,1.62E+08,0.016928729
592.4388542,20.12786329,0.1,1032 carbon steel,6.68,2740794.419,1.62E+08,0.016918484
610.9278777,20.73287226,0.1,1033 carbon steel,6.68,2740600.241,1.62E+08,0.016917285
609.0789753,30.32658593,0.1,1034 carbon steel,6.68,2736756.76,1.62E+08,0.01689356
274.68,2.386115,0.1,Inconel,2.67,2744121.351,85592111.22,0.032060447
322.77,4.463594,0.1,Inconel,2.67,2743958.708,85592111.22,0.032058547
286.24,5.558015,0.1,Inconel,2.67,2743849.723,85592111.22,0.032057274
299.18,5.133328,0.1,Inconel,2.67,2743893.937,85592111.22,0.03205779
333.79,10.0985,0.1,Inconel,2.67,2743222.363,85592111.22,0.032049944
260.89,2.759428,0.1,Inconel,2.67,2744096.365,85592111.22,0.032060155
359.43,5.276989,0.1,Zirconium,2.67,2743879.254,41460642,0.066180337
350.82,5.276989,0.1,Zirconium,2.67,2743879.254,41460642,0.066180337
413.33,9.577287,0.1,Zirconium,2.67,2743308.915,41460642,0.066166581
406.7,9.577287,0.1,Zirconium,2.67,2743308.915,41460642,0.066166581
391.01,9.577287,0.1,Zirconium,2.67,2743308.915,41460642,0.066166581
474.23,15.0359,0.1,Zirconium,2.67,2742210.821,41460642,0.066140095
356.29,9.147093,0.1,Stainless steel ,2.67,2743377.486,51662145.6,0.053102275
305.63,5.098822,0.1,Stainless steel ,2.67,2743897.422,51662145.6,0.05311234
302.59,2.089949,0.1,Stainless steel ,2.67,2744139.86,51662145.6,0.053117032
413.47,14.38229,0.1,Stainless steel ,2.67,2742364.886,51662145.6,0.053082675
372.15,9.948659,0.1,Stainless steel ,2.67,2743247.636,51662145.6,0.053099762
322.3,4.193676,0.1,Stainless steel ,2.67,2743983.103,51662145.6,0.053113998
310.77,2.159465,0.1,Stainless steel ,2.67,2744135.62,51662145.6,0.05311695
438.49,14.38229,0.1,Stainless steel ,2.67,2742364.886,51662145.6,0.053082675
354.14,9.948659,0.1,Stainless steel ,2.67,2743247.636,51662145.6,0.053099762
330.61,4.193676,0.1,Stainless steel ,2.67,2743983.103,51662145.6,0.053113998
309.98,2.159465,0.1,Stainless steel ,2.67,2744135.62,51662145.6,0.05311695
432.98,14.38229,0.1,Stainless steel ,2.67,2742364.886,51662145.6,0.053082675
350.04,9.948659,0.1,Stainless steel ,2.67,2743247.636,51662145.6,0.053099762
316.52,4.193676,0.1,Stainless steel ,2.67,2743983.103,51662145.6,0.053113998
311.84,2.159465,0.1,Stainless steel ,2.67,2744135.62,51662145.6,0.05311695
439,14.95793,0.1,Stainless steel ,2.67,2742229.527,51662145.6,0.053080055
372.02,8.984661,0.1,Stainless steel ,2.67,2743402.705,51662145.6,0.053102764
340,4.749727,0.1,Stainless steel ,2.67,2743931.776,51662145.6,0.053113005
316.2,1.885201,0.1,Stainless steel ,2.67,2744151.978,51662145.6,0.053117267
403.4,14.95793,0.1,Stainless steel ,2.67,2742229.527,51662145.6,0.053080055
354.98,8.984661,0.1,Stainless steel ,2.67,2743402.705,51662145.6,0.053102764
288.12,4.749727,0.1,Stainless steel ,2.67,2743931.776,51662145.6,0.053113005
289.93,1.885201,0.1,Stainless steel ,2.67,2744151.978,51662145.6,0.053117267
413.27,14.95793,0.1,Stainless steel ,2.67,2742229.527,51662145.6,0.053080055
406.42,14.77437,0.1,Stainless steel ,2.67,2742273.214,51662145.6,0.053080901
355.42,9.926813,0.1,Stainless steel ,2.67,2743251.294,51662145.6,0.053099833
297.43,4.497781,0.1,Stainless steel ,2.67,2743955.548,51662145.6,0.053113465
296.11,1.904639,0.1,Stainless steel ,2.67,2744150.852,51662145.6,0.053117245
410.48,14.77437,0.1,Stainless steel ,2.67,2742273.214,51662145.6,0.053080901
363.11,9.926813,0.1,Stainless steel ,2.67,2743251.294,51662145.6,0.053099833
314.19,4.497781,0.1,Stainless steel ,2.67,2743955.548,51662145.6,0.053113465
304.08,1.904639,0.1,Stainless steel ,2.67,2744150.852,51662145.6,0.053117245
427.91,14.77437,0.1,Stainless steel ,2.67,2742273.214,51662145.6,0.053080901
353.5,9.926813,0.1,Stainless steel ,2.67,2743251.294,51662145.6,0.053099833
321.8,4.497781,0.1,Stainless steel ,2.67,2743955.548,51662145.6,0.053113465
307.73,1.904639,0.1,Stainless steel ,2.67,2744150.852,51662145.6,0.053117245
430.3,14.35594,0.1,Stainless steel ,2.67,2742370.967,51662145.6,0.053082793
351.92,9.147093,0.1,Stainless steel ,2.67,2743377.486,51662145.6,0.053102275
307.21,5.098822,0.1,Stainless steel ,2.67,2743897.422,51662145.6,0.05311234
305.4,2.089949,0.1,Stainless steel ,2.67,2744139.86,51662145.6,0.053117032
452.8,14.35594,0.1,Stainless steel ,2.67,2742370.967,51662145.6,0.053082793
367.68,9.147093,0.1,Stainless steel ,2.67,2743377.486,51662145.6,0.053102275
333.41,5.098822,0.1,Stainless steel ,2.67,2743897.422,51662145.6,0.05311234
311.96,2.089949,0.1,Stainless steel ,2.67,2744139.86,51662145.6,0.053117032
410.32,14.35594,0.1,Stainless steel ,2.67,2742370.967,51662145.6,0.053082793
357.87,8.984661,0.1,Stainless steel ,2.67,2743402.705,51662145.6,0.053102764
308.37,4.749727,0.1,Stainless steel ,2.67,2743931.776,51662145.6,0.053113005
299.78,1.885201,0.1,Stainless steel ,2.67,2744151.978,51662145.6,0.053117267
427.01,14.12377,0.1,Stainless steel ,2.67,2742424.107,51662145.6,0.053083821
354.03,9.469861,0.1,Stainless steel ,2.67,2743326.281,51662145.6,0.053101284
313.51,4.475887,0.1,Stainless steel ,2.67,2743957.573,51662145.6,0.053113504
297.52,1.883415,0.1,Stainless steel ,2.67,2744152.081,51662145.6,0.053117269
432.59,14.12377,0.1,Stainless steel ,2.67,2742424.107,51662145.6,0.053083821
354.38,9.469861,0.1,Stainless steel ,2.67,2743326.281,51662145.6,0.053101284
300.37,4.475887,0.1,Stainless steel ,2.67,2743957.573,51662145.6,0.053113504
299.71,1.883415,0.1,Stainless steel ,2.67,2744152.081,51662145.6,0.053117269
448.19,14.12377,0.1,Stainless steel ,2.67,2742424.107,51662145.6,0.053083821
361.92,9.469861,0.1,Stainless steel ,2.67,2743326.281,51662145.6,0.053101284
323.7,4.475887,0.1,Stainless steel ,2.67,2743957.573,51662145.6,0.053113504
305.84,1.883415,0.1,Stainless steel ,2.67,2744152.081,51662145.6,0.053117269
335.17,2.011752,0.1,Zirconium,2.67,2744144.554,41460642,0.066186736
335.52,2.011752,0.1,Zirconium,2.67,2744144.554,41460642,0.066186736
327.1,2.011752,0.1,Zirconium,2.67,2744144.554,41460642,0.066186736
363.35,5.276989,0.1,Zirconium,2.67,2743879.254,41460642,0.066180337
463.92,15.0359,0.1,Zirconium,2.67,2742210.821,41460642,0.066140095
464.15,15.0359,0.1,Zirconium,2.67,2742210.821,41460642,0.066140095
277.29,2.071746,0.1,Inconel,2.67,2744140.96,85592111.22,0.032060676
271.17,2.068447,0.1,Inconel,2.67,2744141.159,85592111.22,0.032060678
274.01,2.719435,0.1,Inconel,2.67,2744099.13,85592111.22,0.032060187
314.63,10.17882,0.1,Inconel,2.67,2743208.686,85592111.22,0.032049784
373.42,14.67282,0.1,Inconel,2.67,2742297.172,85592111.22,0.032039135
406.1,19.57329,0.1,Inconel,2.67,2740967.523,85592111.22,0.0320236