fileName,T1,T2,T3,T4,T5,T6,T7,T8,T9,T10,T11,T12,T13,T14,T15,T16,T17,T18,T19,T20,T21,T22,T23,T24,T25,T26,T27,T28,T29,T30,T31,T32,P_a1,P_a2,P_a3,P_a4,P_a5,P_a6,P_a7,P_a8,P_a9,P_a10,P_a11,P_a12,P_a13,P_a14,P_a16,P_a17,P_a19,P_a20,P_a21,P_a22,P_a23,P_a24,P_a25,P_a26,P_a29,P_a30,P_a31,P_a32,RTD6,RTD7,RTD15,RTD16,RTD17,RTD18,RTD22,RTD23,RTD27,RTD28,RTD29,RTD30,TC6,TC7,TC15,TC16,TC17,TC18,TC22,TC23,TC27,TC28,TC29,TC30,TC_mini6,TC_mini7,TC_mini22,TC_mini23,TC_glycol_return,T_amb,mdot_gas,mdot_glycol_hot,mdot_glycol_cold,Torque_Comp,Torque_Exp,Torque_Motor,Torque_Pump,RPM_Comp,RPM_Exp,RPM_Motor,RPM_Pump,,,Cratio_hot,Cratio_cold,mdot_oil_motor,mdot_oil_pump,mdot_oil_hot,mdot_oil_cold,mdot_oil_hotHX,mdot_oil_coldHX,eta_c_Comp,eta_c_Exp,eta_v_Comp,eta_v_Exp,Power_Comp,Power_Exp,Power_Motor,Power_Pump,Power_Comp_Thermo,Power_Exp_Thermo,Power_Motor_Thermo,Power_Pump_Thermo,eps_Cratio,eps_mdot_oil_hot,eps_mdot_oil_cold,eps_Power_Comp,eps_Power_Exp,vg/vf
,K,K,K,K,K,K,K,K,K,K,K,K,K,K,K,K,K,K,K,K,K,K,K,K,K,K,K,K,K,K,K,K,kPa,kPa,kPa,kPa,kPa,kPa,kPa,kPa,kPa,kPa,kPa,kPa,kPa,kPa,kPa,kPa,kPa,kPa,kPa,kPa,kPa,kPa,kPa,kPa,kPa,kPa,kPa,kPa,K,K,K,K,K,K,K,K,K,K,K,K,K,K,K,K,K,K,K,K,K,K,K,K,K,K,K,K,K,K,kg/s,kg/s,kg/s,N-m,N-m,N-m,N-m,rev/min,rev/min,rev/min,rev/min,,,-,-,kg/s,kg/s,kg/s,kg/s,kg/s,kg/s,-,-,-,-,kW,kW,kW,kW,kW,kW,kW,kW,-,kg/s,kg/s,kW,kW,-
2008_01_25A.csv,289.4517,290.3521,290.0852,292.7219,290.508,290.4011,287.4325,308.2405,293.01,304.2995,289.6613,289.3596,289.3904,293.8591,292.3529,286.6096,288.5342,290.1406,310.1751,304.691,309.1176,309.9588,318.3774,310.2107,310.1474,310.3151,292.6392,312.305,318.5072,309.8843,310.2033,309.6256,329.8085,652.6157,647.5644,652.0618,643.6337,633.9103,368.6783,664.3552,665.5169,297.0645,299.2575,334.4203,329.1096,335.8997,350.508,342.9569,296.7576,292.8213,294.0061,236.7053,719.0841,674.1305,320.6813,686.5811,703.6476,693.9344,682.338,680.2511,290.4011,287.4325,294.0974,293.9693,293.949,293.8996,309.9588,318.3774,295.0968,294.6361,294.776,294.815,288.6421,286.528,292.3529,286.6096,288.5342,290.1406,294.8925,294.3862,292.6392,312.305,318.5072,309.8843,290.2471,287.0088,309.9231,318.9722,301.5382,294.831,0.014212,0.046077,0.039437,7.0504,2.0459,0.0059062,3.4165,3500,1735.5635,475.8944,236.2271,,,19.1535,5.8302,0.120690777,0.058122695,0.14535,0.046635,0.13259,0.052104,0.00059891,136.0398,0.93164,1.0486,2.5841,-0.37184,0.00029434,0.084515,2.891,-0.39552,-0.07879,0.094856,0.71295,0.0051378,0.0042431,0.0049853,0.0024719,328.0589
2008_01_25B.csv,288.4484,289.738,289.2185,291.7924,289.8201,289.8477,282.7758,306.2849,291.9705,302.6108,288.6885,288.1895,288.2966,293.8044,292.1322,281.5191,287.305,288.6784,307.3016,303.0558,306.2447,306.8712,321.812,307.3728,307.2849,307.3301,292.4999,312.0331,322.1164,308.6504,307.3869,307.1575,317.283,656.8137,653.1085,657.6701,650.5798,644.3844,345.9248,666.3365,672.1454,276.7901,279.073,319.7435,313.975,319.3561,332.0626,325.2068,275.5865,271.2404,274.5647,234.8536,714.1452,688.6308,288.1617,692.8517,703.5613,698.1683,691.1326,688.2339,289.8477,282.7758,294.2221,294.0598,293.983,293.8709,306.8712,321.812,295.8459,295.0396,295.0671,294.9439,287.2946,281.3485,292.1322,281.5191,287.305,288.6784,295.922,293.7772,292.4999,312.0331,322.1164,308.6504,289.6072,282.7941,306.7335,322.652,300.4948,295.2242,0.015027,0.045927,0.039178,6.6115,2.7027,-0.13359,3.5616,3500,1735.6709,238.3292,116.9522,,,8.9583,2.9238,0.060577831,0.028798051,0.072467,0.024767,0.068813,0.022657,0.00065528,174.9864,0.96726,1.074,2.4232,-0.49124,-0.0033341,0.04362,2.5469,-0.51401,-0.046618,0.068465,0.21819,0.0015474,0.0014539,0.0049852,0.0024721,328.1505
2008_01_25C.csv,288.3814,289.935,289.3765,291.0256,289.9505,290.1355,276.2106,303.0314,291.1078,300.0288,288.3079,288.0811,287.9216,293.7823,291.8079,274.2271,287.2239,287.7499,303.4708,300.4255,302.2311,302.851,328.7218,303.4915,303.4917,303.3843,292.1751,312.3266,328.9001,305.9711,303.4532,303.4953,310.3928,658.7472,655.3444,660.1318,653.6033,649.5634,330.5647,666.9403,675.3627,265.0733,267.7193,311.7936,305.9397,311.4248,321.103,314.9618,264.1896,258.9136,263.2701,234.9595,711.2783,694.7814,271.8357,695.8924,703.9605,700.1818,695.2825,691.8792,290.1355,276.2106,294.3289,294.088,293.9854,293.8452,302.851,328.7218,296.2591,295.2493,295.1773,295.1905,286.8345,273.9668,291.8079,274.2271,287.2239,287.7499,296.4052,293.4772,292.1751,312.3266,328.9001,305.9711,289.8008,276.9053,302.7166,329.6515,299.7319,295.469,0.015493,0.045975,0.039067,6.3926,3.1419,-0.14185,3.7013,3500,1733.8058,115.2498,54.3651,,,4.4198,1.3446,0.029383521,0.013387439,0.037258,0.011734,0.037611,0.0074912,0.0006868,208.4535,0.9767,1.0924,2.343,-0.57045,-0.001712,0.021072,2.4101,-0.59623,-0.01856,0.038252,0.083036,0.0005259,0.00083473,0.0049852,0.0024695,324.7314
2008_01_25D.csv,288.2873,289.3241,288.9787,293.0676,289.8918,289.7919,285.1632,314.1844,293.4768,308.2603,288.3835,288.1797,288.2112,294.2065,293.2577,284.3523,287.3669,289.5008,316.2981,308.9146,314.5106,315.7373,327.0585,316.4623,316.2862,316.779,293.6729,318.9111,327.3253,315.9827,316.4688,315.5927,510.1819,959.1824,952.3808,960.9018,950.1685,935.2051,559.6742,975.3026,984.0065,457.7922,461.1004,514.6402,507.7304,513.3767,534.5923,525.1724,455.6397,450.2049,450.9909,385.259,1054.4985,1004.0715,479.5186,1017.961,1037.8738,1023.0299,1011.8766,1008.7333,289.7919,285.1632,294.6206,294.3151,294.2907,294.2135,315.7373,327.0585,296.2509,295.4085,295.6326,295.3637,287.5048,284.2484,293.2577,284.3523,287.3669,289.5008,296.2319,294.3991,293.6729,318.9111,327.3253,315.9827,289.7295,284.9311,315.7146,327.9186,304.9758,295.6639,0.022972,0.046231,0.03886,9.7949,3.2169,-0.42085,3.7505,3500,1736.3943,475.8535,236.1675,,,11.7369,3.6277,0.120084146,0.058160642,0.14183,0.046984,0.12668,0.051515,0.00064233,155.5214,0.94162,1.1434,3.59,-0.58494,-0.020972,0.092756,4.044,-0.6183,-0.138,0.11399,0.34656,0.0038473,0.0033216,0.0049858,0.0024732,204.3814
2008_01_25E.csv,288.2778,289.5533,289.1587,292.7612,290.2465,290.3956,280.955,312.5165,293.2293,306.9924,288.1772,288.0587,288.0116,294.1294,293.9503,279.6316,287.3078,288.8623,313.5591,307.6192,311.496,312.6332,332.14,313.7751,313.548,313.8778,294.4654,320.4492,332.4729,314.137,313.8265,313.4574,503.5926,959.5128,954.1222,962.2058,953.8228,942.6537,537.5232,982.6671,988.7509,441.5007,445.6502,505.9507,498.8394,504.0769,520.7289,513.7993,439.3099,432.7958,435.9825,390.5535,1048.9673,1018.0729,451.1376,1023.7074,1039.0851,1027.9733,1019.7786,1015.7559,290.3956,280.955,294.6927,294.3663,294.3015,294.1778,312.6332,332.14,296.8041,295.6832,295.6355,295.4062,287.1753,279.4937,293.9503,279.6316,287.3078,288.8623,297.0358,294.0113,294.4654,320.4492,332.4729,314.137,290.2534,281.3039,312.5871,333.1386,305.024,295.8823,0.024342,0.046131,0.038652,9.287,3.8378,-0.54008,3.8726,3500,1735.2271,238.7018,116.7838,,,5.6081,1.6507,0.060366227,0.028760396,0.072387,0.022616,0.068159,0.020448,0.00068653,185.5397,0.96003,1.1888,3.4039,-0.69738,-0.0135,0.047361,3.6311,-0.72486,-0.081055,0.06498,0.12061,0.0012857,0.0012785,0.0049857,0.0024716,200.1206
2008_01_25F.csv,288.4764,290.345,289.8612,292.0367,290.7296,291.0814,274.4016,308.2166,292.3383,303.6913,288.1484,288.2279,287.9794,293.9558,294.077,272.4505,287.8436,288.2869,308.6666,304.2165,306.5224,307.4383,339.4478,308.809,308.768,308.8223,294.4888,321.0638,339.648,309.2464,308.8753,308.78,495.6139,957.2987,952.1746,960.7452,952.5943,944.0115,519.4796,983.0446,987.7975,427.9624,432.6678,497.0734,489.6857,493.9189,508.2892,501.9702,425.8508,418.9061,422.7064,390.0092,1042.348,1020.0536,433.3142,1023.2258,1036.1726,1026.7531,1020.4015,1015.8013,291.0814,274.4016,294.667,294.3088,294.1909,294.0258,307.4383,339.4478,297.1889,295.8066,295.6107,295.3436,287.1101,272.2505,294.077,272.4505,287.8436,288.2869,297.61,293.7324,294.4888,321.0638,339.648,309.2464,290.8721,275.0589,307.406,340.5179,304.6631,295.9874,0.024968,0.046046,0.038902,8.9808,4.2772,-0.5561,4.1028,3500,1732.7434,116.1497,53.1583,,,2.8074,0.67502,0.029489162,0.013089297,0.037678,0.0094683,0.036759,0.0053716,0.00071484,218.8849,0.96282,1.2138,3.2916,-0.7761,-0.006764,0.022839,3.3998,-0.80452,-0.029166,0.037623,0.052559,0.00049609,0.00080496,0.0049856,0.0024682,197.8806
2008_01_25G.csv,289.0802,290.0244,289.7338,295.021,291.0967,291.0221,285.491,320.8577,295.9458,313.0831,288.8396,289.0053,288.8891,294.1376,295.4085,284.6868,288.1072,290.8705,322.6321,313.9336,320.2197,321.7077,335.1616,322.8768,322.6478,323.3974,295.8817,325.7699,335.4444,322.7353,322.8269,322.1799,678.3935,1206.2083,1203.8529,1208.2284,1200.1832,1182.7796,729.6989,1237.3199,1243.2591,606.7122,611.635,682.7182,675.1265,682.6517,704.0704,693.3823,603.5447,596.2072,595.4276,524.0321,1330.3039,1276.6338,625.4591,1288.6765,1313.3224,1297.6517,1282.5206,1277.9629,291.0221,285.491,294.8546,294.4486,294.2524,294.093,321.7077,335.1616,297.662,296.2347,295.4254,295.6672,288.2958,284.5668,295.4085,284.6868,288.1072,290.8705,298.1269,293.8288,295.8817,325.7699,335.4444,322.7353,291.0708,285.5241,321.7336,336.2034,309.4054,296.2473,0.030996,0.045742,0.039299,11.9649,3.9363,-0.75555,4.002,3500,1734.1694,475.7672,236.1299,,,8.7039,2.589,0.119450683,0.058115562,0.13977,0.045089,0.1252,0.052105,0.00066841,159.9629,0.95114,1.2234,4.3854,-0.71484,-0.037643,0.098959,4.9479,-0.75175,-0.17334,0.10606,0.23103,0.003324,0.0029714,0.0049864,0.0024702,152.3733
2008_01_25H.csv,289.5848,290.7962,290.4668,295.1467,292.1234,292.4215,282.1479,318.4652,295.4539,311.4093,289.3302,289.4224,289.346,294.2505,296.2315,280.7904,288.7785,290.7212,319.3208,312.194,316.3057,317.892,340.4311,319.5539,319.349,319.876,296.7691,327.4753,340.7463,318.3993,319.5644,319.3708,676.3864,1203.3178,1201.3592,1207.396,1200.4909,1186.4302,711.3413,1242.241,1246.301,593.2718,598.9752,678.4698,670.4768,677.6562,695.0002,685.6599,590.4821,581.4515,583.8349,534.2769,1323.5219,1287.7785,600.7392,1293.2698,1312.7651,1299.0186,1289.7249,1284.3904,292.4215,282.1479,294.9098,294.4874,294.3268,294.1618,317.892,340.4311,297.894,296.4095,295.7391,295.8387,288.5969,280.653,296.2315,280.7904,288.7785,290.7212,298.4974,293.4549,296.7691,327.4753,340.7463,318.3993,292.3994,282.5637,317.8795,341.5222,309.8078,296.4703,0.032695,0.045577,0.039232,11.4398,4.4591,-0.83625,4.0818,3500,1732.9278,239.0767,117.3959,,,4.2488,1.1091,0.060184123,0.028881783,0.072671,0.020295,0.066767,0.017704,0.00070058,186.5249,0.9586,1.2768,4.1929,-0.8092,-0.020936,0.05018,4.5205,-0.83666,-0.089296,0.057782,0.088064,0.0012004,0.0012153,0.0049862,0.0024685,148.1283
2008_01_25I.csv,289.3994,291.4823,291.2255,294.1675,292.5085,293.0738,275.7956,313.9006,294.4785,307.883,289.1297,289.2977,289.1182,294.3432,296.7895,274.2221,289.5565,290.4247,314.1725,308.5546,311.166,312.3002,347.5441,314.6114,314.3607,314.936,297.3183,327.8027,347.8401,313.2441,314.6708,314.595,669.2395,1200.3711,1199.3581,1204.9992,1199.8632,1188.7123,694.5061,1243.1389,1245.5191,581.8963,588.3662,671.7471,663.1893,669.6083,683.9831,676.9191,578.9085,569.9281,573.5525,537.1252,1317.1545,1291.8453,585.8421,1293.2698,1312.3675,1298.3545,1290.8342,1285.0509,293.0738,275.7956,294.9134,294.5475,294.3406,294.1902,312.3002,347.5441,298.2589,296.619,295.9123,295.9545,288.2761,273.9648,296.7895,274.2221,289.5565,290.4247,299.1198,293.017,297.3183,327.8027,347.8401,313.2441,292.9531,276.3499,312.2978,348.6674,309.6086,296.6862,0.033628,0.045599,0.039131,11.0613,4.9059,-0.87169,4.2784,3500,1733.9458,116.5334,53.6985,,,2.1525,0.39943,0.029451051,0.01321283,0.038416,0.0075045,0.035411,0.002649,0.00072707,220.268,0.95669,1.3046,4.0542,-0.8908,-0.010637,0.024059,4.1997,-0.91776,-0.051201,0.033476,0.041916,0.00051816,0.00079695,0.0049861,0.0024701,145.3946
2007_07_03C.csv,289.6764,290.6132,290.3535,293.4003,290.8155,290.7685,287.6098,310.0023,293.8392,305.9082,290.0246,289.5052,289.5427,289.4806,293.915,286.7813,288.5661,289.4192,311.7593,306.4134,310.745,311.5842,320.2731,311.7719,311.7315,311.9016,294.3034,313.7867,320.3859,311.5198,311.7811,311.2408,316.7588,690.7041,684.6344,683.2871,681.8714,670.7961,346.2365,698.5333,689.9021,284.5396,284.6028,319.2069,314.4082,321.3554,334.4483,326.0298,283.9196,277.9118,278.7691,224.1466,739.1191,700.9191,305.8764,710.6077,734.9887,715.7571,707.1147,703.2295,290.7685,287.6098,295.8979,295.9722,295.8711,295.4436,311.5842,320.2731,298.4379,297.8206,297.0594,297.1266,295.8197,288.9622,293.915,286.7813,288.5661,289.4192,297.4653,303.1347,294.3034,313.7867,320.3859,311.5198,290.4237,287.2174,311.4437,320.8793,305.9317,297.6111,0.013239,0.048314,0.019091,7.2482,3.1767,-0.089051,3.5343,3500,1154.7031,475.6533,236.1677,,,20.6054,6.2475,0.120480793,0.058097927,0.14505,0.046505,0.13343,0.056364,0.00058772,126.2795,0.92159,1.3942,2.6566,-0.38412,-0.0044357,0.087409,2.9718,-0.41324,-0.079439,0.10054,0.74292,0.0049519,0.0040951,0.0049853,0.0016449,347.8091
2007_07_03A.csv,289.2033,290.5417,290.028,292.7394,290.6996,290.7745,283.9781,307.7927,293.0872,304.0197,289.4649,288.8616,288.9506,288.6641,293.7108,282.939,288.0173,288.2884,309.0167,304.5137,307.9063,308.5741,324.2259,309.1427,309.0007,309.2334,293.8801,313.8111,324.2288,310.642,309.241,308.7501,308.347,694.2883,690.5373,688.5848,687.2833,679.722,330.6522,694.785,698.2148,267.9705,269.3447,309.141,304.1035,309.2079,320.4512,313.3174,266.962,262.2503,263.5085,225.422,737.3338,716.748,276.6706,719.0183,736.2339,721.4955,717.0294,714.4502,290.7745,283.9781,295.4179,295.5158,295.8337,294.8913,308.5741,324.2259,297.9609,297.4313,296.5834,296.6964,295.3306,295.3056,293.7108,282.939,288.0173,288.2884,296.4756,301.9786,293.8801,313.8111,324.2288,310.642,290.3949,283.9906,308.41,324.8418,304.7228,297.168,0.014325,0.046464,0.020415,6.8701,3.6837,-0.2186,3.6883,3500,1155.8386,238.7846,116.1433,,,9.568,2.9846,0.060608875,0.028582095,0.073451,0.024038,0.070472,0.020913,0.00064518,148.2811,0.96617,1.4636,2.518,-0.44588,-0.0054662,0.044859,2.654,-0.47022,-0.058501,0.070039,0.22648,0.0015143,0.0015288,0.0049852,0.0016466,343.3159
2007_07_03B.csv,287.7921,290.1059,289.485,290.6818,289.8764,290.1765,276.7461,302.1279,290.7932,299.2557,287.8353,287.3411,287.1839,286.7295,293.5164,275.0306,286.5054,283.6076,302.5947,299.6569,301.0143,301.7625,337.5419,302.7112,302.616,302.8995,293.7602,313.4871,337.5297,305.3913,302.8481,302.5337,293.9983,699.8158,695.6767,695.0034,693.9091,687.682,308.3439,697.42,703.9149,248.9285,250.5273,294.3951,289.423,294.7447,302.7629,296.7061,249.0734,242.3671,245.7137,223.422,735.0422,725.6591,252.7255,723.9274,738.1673,725.6414,723.9018,719.6349,290.1765,276.7461,295.6651,295.8192,294.9491,294.681,301.7625,337.5419,298.2243,297.5991,296.6451,296.6634,295.7223,280.6976,293.5164,275.0306,286.5054,283.6076,297.244,302.9143,293.7602,313.4871,337.5297,305.3913,289.6219,276.9589,301.6346,338.0179,304.7656,297.283,0.014748,0.048725,0.013735,6.5873,4.1277,-0.21896,3.8827,3500,1155.6955,74.0579,55.138,,,3.244,1.2795,0.01889302,0.013583982,0.026107,0.010627,0.027046,0.0074197,0.00068455,214.9691,0.97205,1.4737,2.4144,-0.49955,-0.0016981,0.022419,2.4749,-0.5266,-0.019279,0.050171,0.05537,0.00029156,0.00089379,0.0049852,0.0016466,340.5641
2007_07_03F.csv,293.6171,294.6739,294.4172,299.187,295.5632,295.4966,290.506,323.4608,299.402,316.5031,293.4878,293.4642,293.3884,293.4277,299.2122,289.7469,292.5953,293.6861,324.8812,317.367,322.9918,324.266,337.0945,325.019,324.8931,325.3046,299.8823,328.1061,337.2631,324.9277,325.0471,324.6205,580.8444,1129.7996,1120.3798,1124.4409,1123.5402,1107.5403,614.4091,1139.2652,1144.5629,520.1184,521.7366,582.0791,576.8385,581.9469,601.4628,593.4701,517.5024,507.7906,508.7958,441.4133,1218.475,1174.3432,536.9961,1183.7195,1214.776,1190.4652,1180.3258,1172.4927,295.4966,290.506,299.0768,272.973,295.3836,298.7145,324.266,337.0945,304.7635,303.2356,301.4816,301.8102,298.1188,298.8381,299.2122,289.7469,292.5953,293.6861,302.4022,303.1884,299.8823,328.1061,337.2631,324.9277,295.3271,290.4825,324.184,337.6726,315.6333,302.8227,0.025682,0.046876,0.024276,11.0623,4.8259,-0.70871,4.052,3500,1154.7921,475.4685,236.1687,,,10.4565,2.9177,0.119171537,0.057920119,0.13823,0.041588,0.12477,0.048224,0.00065885,126.4431,0.943,1.6518,4.0545,-0.58359,-0.035288,0.10021,4.5423,-0.62143,-0.14082,0.1086,0.28356,0.003385,0.0030087,0.0049861,0.0016455,181.9593
2007_07_03E.csv,289.7742,291.2302,290.8146,294.9183,292.1783,292.469,283.0028,317.0355,295.1986,310.6339,289.5637,289.478,289.3833,289.3636,297.5457,281.8989,288.8349,288.4021,318.0882,311.465,315.7415,317.0114,338.2849,318.3639,318.1047,318.6043,298.0851,325.6491,338.3776,318.6958,318.4724,317.9926,544.648,1098.1693,1090.2965,1092.8297,1094.4185,1082.2922,567.5868,1110.5919,1115.6668,477.4109,480.0447,544.7141,538.7902,543.3817,558.8944,551.4119,475.976,466.5911,468.8726,421.7809,1177.3507,1150.5312,483.7717,1153.4231,1177.2998,1157.2735,1151.5847,1144.5622,292.469,283.0028,297.7809,297.9178,296.8435,296.881,317.0114,338.2849,302.673,301.4439,299.6037,299.6601,295.943,272.5387,297.5457,281.8989,288.8349,288.4021,300.0412,302.6619,298.0851,325.6491,338.3776,318.6958,292.1375,283.3359,316.895,338.8719,313.4335,300.8452,0.025912,0.047719,0.01859,10.3509,5.3991,-0.80195,4.1551,3500,1155.0463,238.8597,116.5217,,,5.4189,1.3856,0.060186468,0.02866249,0.07362,0.020093,0.069815,0.018076,0.00069258,148.7419,0.95985,1.6668,3.7938,-0.65305,-0.020059,0.050701,4.0618,-0.68437,-0.096474,0.066931,0.11086,0.0012125,0.0013588,0.004986,0.0016461,187.2479
2007_07_03D.csv,287.3757,290.8122,290.3409,291.7577,290.7745,291.2423,274.526,310.0338,291.7209,304.7493,287.1194,287.1793,286.8161,286.5576,295.7085,273.0959,287.2225,283.9938,310.4818,305.4353,307.9608,309.0589,343.7637,310.8891,310.606,311.2398,296.1305,324.0937,343.8581,311.4502,311.116,310.7228,520.8423,1087.4124,1080.1216,1083.9953,1083.3019,1075.4285,536.4941,1100.159,1105.8059,450.4099,453.9468,521.0242,514.586,518.3811,531.3755,524.829,450.4183,440.0675,443.362,409.6088,1160.7551,1142.2796,453.6571,1142.5794,1162.336,1145.1338,1141.1874,1135.0068,291.2423,274.526,295.7605,295.8915,295.1511,294.9465,309.0589,343.7637,300.0863,298.9147,297.3404,297.472,295.187,295.898,295.7085,273.0959,287.2225,283.9938,298.0022,303.6887,296.1305,324.0937,343.8581,311.4502,290.7776,274.613,308.9674,344.3751,311.414,298.4533,0.026066,0.048012,0.017257,10.0079,5.8694,-0.79719,4.39,3500,1155.2018,117.7861,55.1872,,,2.7555,0.51203,0.029855519,0.0136005,0.038443,0.0074946,0.037973,0.0042359,0.00071574,174.7118,0.96227,1.6683,3.6681,-0.71003,-0.009833,0.02537,3.8042,-0.7402,-0.052598,0.05226,0.049694,0.0004672,0.00086463,0.0049859,0.0016465,189.1631
2007_07_04K.csv,291.259,292.5818,292.2113,298.1597,293.7812,293.8315,288.1148,325.7245,298.6259,317.4477,291.1907,291.1544,290.9938,290.8704,299.0955,287.6866,290.5826,291.7938,326.9582,318.5056,324.6612,326.0931,340.5801,327.0759,326.9738,327.4012,299.026,330.3293,340.6733,327.1473,327.0733,326.7161,689.6304,1335.1272,1326.0684,1325.3078,1324.5832,1308.6231,727.4461,1346.7857,1351.4499,616.3018,619.3071,690.4925,683.5639,691.6093,711.5547,701.3358,614.5495,603.1051,604.8253,531.101,1435.9889,1388.9662,632.673,1397.656,1434.1172,1406.7804,1395.3842,1384.0132,293.8315,288.1148,299.0955,287.6866,290.5826,291.7938,326.0931,340.5801,306.1715,303.8259,310.0253,302.9476,298.1484,298.5609,299.0812,276.4374,299.3958,298.8919,304.5949,305.9684,299.026,330.3293,340.6733,327.1473,293.5788,287.9939,325.9975,341.1655,319.2814,305.7426,0.030823,0.048795,0.016675,12.81,5.7882,-0.97999,4.3787,3500,1160.4193,475.4274,236.114,,,8.8469,2.6944,0.118965231,0.058013226,0.13972,0.046303,0.12705,0.038703,0.00067379,140.5348,0.9462,1.6642,4.6951,-0.70338,-0.048791,0.10827,5.2689,-0.75393,-0.15591,0.14834,0.22116,0.003085,0.0033309,0.0049866,0.0016539,151.8616
2007_07_03H.csv,291.6111,293.2088,292.8065,297.6548,294.6602,295.1506,284.7636,323.138,298.3405,315.3222,291.0539,291.106,290.9457,290.9179,300.1141,283.4066,290.4656,288.9299,323.9806,316.3288,320.8265,322.4889,346.276,324.2443,324.0163,324.6305,301.0311,333.2284,346.5643,323.6797,324.3139,323.9797,690.1043,1315.1709,1308.1914,1310.8021,1310.0087,1297.7977,709.8411,1336.873,1341.7182,605.7168,608.4957,689.7045,681.6851,687.958,704.5508,696.0073,602.9699,590.3943,595.3083,544.1016,1417.254,1387.1659,609.4221,1389.7172,1420.7451,1395.3914,1388.7876,1378.0666,295.1506,284.7636,300.2477,273.1054,298.8164,299.4641,322.4889,346.276,307.8924,305.891,302.9038,303.6078,299.6611,300.0695,300.1141,283.4066,290.4656,288.9299,304.7934,300.6605,301.0311,333.2284,346.5643,323.6797,294.8634,284.9663,322.3926,346.843,320.3963,305.0738,0.032705,0.046822,0.015888,12.2168,6.1529,-1.0771,4.4587,3500,1155.5929,238.344,116.6354,,,4.3189,0.93826,0.059775606,0.028649469,0.073034,0.017047,0.068891,0.015147,0.00070396,148.1659,0.95537,1.7657,4.4777,-0.74458,-0.026885,0.054459,4.8363,-0.7782,-0.10167,0.062955,0.085072,0.0011143,0.00133,0.0049865,0.0016472,147.0176
2007_07_03G.csv,284.6394,290.9253,290.7814,290.6813,290.2557,290.6247,272.9848,316.7164,291.2577,308.7749,283.5766,284.1832,283.1156,282.5527,299.8215,271.2214,283.0326,276.3765,317.0552,309.9108,313.2942,314.7982,351.9403,317.4251,317.1533,317.8767,300.6909,331.669,352.2525,316.3951,317.6114,317.3591,639.6289,1271.0232,1264.1633,1267.8532,1266.1695,1259.0353,651.8586,1291.9313,1295.7944,558.3315,561.4637,639.2976,632.5705,637.1612,650.3349,644.7321,557.0289,542.2549,549.2205,512.3906,1361.216,1340.7077,559.4928,1341.2057,1365.4602,1344.9976,1340.8421,1331.3988,290.6247,272.9848,299.522,273.0056,298.0825,297.85,314.7982,351.9403,307.0577,305.1377,302.4212,302.7949,299.2043,299.7163,299.8215,271.2214,283.0326,276.3765,304.0462,301.574,300.6909,331.669,352.2525,316.3951,290.0853,272.7235,314.6938,352.5138,322.0605,304.3529,0.031807,0.047796,0.0070408,11.5267,6.626,-1.0415,4.6706,3500,1154.5434,117.7537,54.7381,,,2.2931,0.31192,0.029693045,0.013518478,0.03846,0.0055805,0.037446,0.00038446,0.00072624,177.17,0.95617,1.7341,4.2248,-0.80111,-0.012843,0.026773,4.4183,-0.83825,-0.05654,0.068308,0.041949,0.00046092,0.0010302,0.0049863,0.0016459,153.3286
2008_01_26A.csv,299.1473,299.6309,299.6861,301.4515,300.0292,299.6888,296.3386,320.1313,302.2052,315.4603,298.4424,299.128,298.9379,295.3777,303.0323,295.9818,298.8584,300.8695,323.0548,315.5771,321.5616,322.6238,332.274,323.2562,323.0596,323.4147,303.3739,325.9955,332.5839,323.096,323.2173,322.4195,378.3418,834.5438,825.6443,834.3926,824.7518,814.6012,411.8651,838.6001,846.768,339.7379,341.1041,382.3752,374.8289,379.7505,396.5161,389.3869,337.758,332.4838,333.589,277.5024,895.6684,856.0007,362.765,867.202,883.9745,873.9427,863.0226,860.4032,299.6888,296.3386,294.9887,294.8424,294.6343,294.7042,322.6238,332.274,296.8544,296.0499,295.2196,295.6622,298.9334,295.898,303.0323,295.9818,298.8584,300.8695,297.279,293.4633,303.3739,325.9955,332.5839,323.096,299.8018,296.3346,322.6194,333.3599,311.2009,295.9465,0.015801,0.042881,0.057095,8.3415,4.0552,-0.3532,3.8405,3500,863.4286,475.8263,236.1267,,,17.3162,5.0568,0.119429337,0.057659991,0.14143,0.043846,0.12498,0.048123,0.00061961,105.4669,0.91955,1.8851,3.0573,-0.36667,-0.017599,0.094964,3.4449,-0.38822,-0.13951,0.063587,0.57876,0.004437,0.0039952,0.0049855,0.0012305,288.3483
2008_01_26B.csv,299.7332,300.3384,300.3758,302.3729,300.9058,300.7042,293.7547,318.9345,303.0046,314.7748,299.4612,299.8822,299.8248,295.7922,303.5724,293.1822,299.6203,300.3518,320.784,314.9014,319.2097,320.0313,336.7961,321.086,320.8142,321.1777,303.9819,327.4035,337.1671,322.3274,321.108,320.6435,375.0792,837.1129,829.2783,840.1984,829.3384,822.8579,398.5198,846.8302,853.2503,328.1768,330.0411,377.707,369.7533,374.4326,387.4362,381.7619,326.8266,319.9203,323.325,284.4975,893.6476,870.5581,338.9441,874.4315,886.0413,879.5003,872.4297,868.9202,300.7042,293.7547,295.2729,295.1163,294.8629,294.8877,320.0313,336.7961,297.6584,296.5883,295.664,295.9238,299.4497,293.0576,303.5724,293.1822,299.6203,300.3518,298.359,292.7946,303.9819,327.4035,337.1671,322.3274,300.7469,294.0489,320.0231,338.1163,312.2432,296.4586,0.017083,0.043806,0.047539,7.9352,4.5637,-0.43895,3.9929,3500,862.8287,238.901,116.7448,,,8.3033,2.1387,0.06006653,0.028494931,0.0738,0.019993,0.071949,0.022124,0.0006685,114.6135,0.94736,1.992,2.9084,-0.41236,-0.010981,0.048816,3.0718,-0.42591,-0.087044,0.033772,0.19653,0.0015185,0.0011287,0.0049854,0.0012298,279.5757
2008_01_26C.csv,300.1926,300.3801,300.6539,302.3007,301.3264,301.2235,287.5454,314.8346,302.8485,311.6486,300.0958,300.3461,300.4623,294.9686,303.7656,286.7689,300.6325,300.0281,315.7334,311.7071,314.0104,314.7657,343.6186,316.1889,315.8822,316.4108,304.2155,327.3235,343.898,318.6634,316.3134,316.0809,368.2837,836.8315,829.896,840.7265,830.7144,826.2456,383.1997,849.4504,855.3372,316.786,319.135,370.3826,362.8048,366.6304,377.2472,371.4713,316.2439,308.0735,312.8192,285.4354,890.9607,875.4701,323.6222,876.4823,885.6265,880.1249,875.4395,871.2665,301.2235,287.5454,295.3875,295.2961,294.9687,294.9796,314.7657,343.6186,298.1609,296.9036,295.5782,296.1121,300.049,286.5981,303.7656,286.7689,300.6325,300.0281,299.0978,292.5061,304.2155,327.3235,343.898,318.6634,301.24,288.079,314.7481,344.9977,312.1874,296.6887,0.017687,0.043807,0.0476,7.712,4.9619,-0.46625,4.0795,3500,863.0793,116.1017,53.6382,,,4.0919,0.74253,0.02930524,0.013087233,0.038164,0.0071767,0.0372,0.0073034,0.00069672,129.0756,0.9543,2.0401,2.8266,-0.44846,-0.0056687,0.022915,2.9067,-0.4622,-0.048209,0.0065032,0.078528,0.00055626,0.00050534,0.0049854,0.0012304,275.2217
2008_01_26D.csv,300.5399,301.1971,301.2181,304.3752,301.9366,301.6207,297.2562,326.0373,305.073,320.1112,300.1343,300.5568,300.5145,296.1703,304.9355,296.843,300.092,301.8361,328.4766,320.4781,326.6183,327.8239,339.7166,328.7268,328.5073,328.9521,305.3302,331.9914,339.9699,328.4587,328.6764,327.967,520.0826,1094.6721,1091.3056,1098.8036,1088.4253,1075.8641,556.2244,1109.9355,1116.4289,466.7593,469.1181,523.5352,514.8615,521.4992,540.3505,529.4018,464.8674,456.8744,457.8913,395.5718,1177.4791,1134.3642,487.0227,1146.2738,1165.167,1152.5392,1141.0485,1136.9013,301.6207,297.2562,295.2644,295.4503,294.9879,295.0819,327.8239,339.7166,298.5966,297.1196,295.72,296.2912,300.1647,296.7415,304.9355,296.843,300.092,301.8361,299.6342,292.4948,305.3302,331.9914,339.9699,328.4587,301.7538,297.321,327.8446,340.8663,315.8881,296.9319,0.022333,0.046298,0.049727,10.5795,5.2583,-0.72034,4.1423,3500,863.8595,475.7465,236.1116,,,12.4556,3.3179,0.118887656,0.057593396,0.14192,0.040449,0.12864,0.050553,0.00065301,102.7044,0.92642,2.0209,3.8776,-0.47568,-0.035888,0.10242,4.3464,-0.50134,-0.17406,0.077786,0.36034,0.0037641,0.003111,0.004986,0.0012316,204.6901
2008_01_26E.csv,300.9281,301.6878,301.7133,304.7849,302.7274,302.6429,293.9832,324.2195,305.2747,318.8712,300.8003,301.1515,301.1427,296.1804,305.475,293.3752,300.9129,301.7111,325.7389,319.2062,323.5683,324.6731,344.9369,326.1012,325.7962,326.2305,305.8494,333.5066,345.2246,326.2986,326.1125,325.7256,518.2079,1094.8431,1091.9339,1099.634,1091.2658,1081.6211,542.52,1114.9592,1120.6497,455.393,458.5381,520.1068,511.4731,517.2138,531.9617,522.4538,453.8674,444.5054,448.4916,405.3432,1173.9518,1147.5789,463.5907,1152.0485,1167.3272,1155.9724,1148.669,1143.7828,302.6429,293.9832,295.3049,295.5875,295.041,295.1949,324.6731,344.9369,298.9006,297.3699,296.2136,296.5268,300.7384,293.2579,305.475,293.3752,300.9129,301.7111,300.1891,292.0596,305.8494,333.5066,345.2246,326.2986,302.7301,294.2974,324.698,346.2818,316.0008,297.2527,0.023895,0.046124,0.049671,10.1461,5.8214,-0.82726,4.2888,3500,863.5388,238.848,116.7716,,,6.0748,1.324,0.059813111,0.028474778,0.074642,0.017223,0.071808,0.019794,0.0006914,114.64,0.94382,2.1265,3.7187,-0.52643,-0.020691,0.052445,3.9522,-0.54152,-0.10744,0.036551,0.13199,0.0013532,0.00095787,0.0049859,0.0012315,198.3354
2008_01_26F.csv,300.5922,301.2674,301.671,303.8999,302.6076,302.8441,286.6579,319.2266,304.3006,314.9673,300.6952,300.7851,300.9998,295.2,305.4767,285.8978,301.1172,301.3839,319.8869,315.219,317.6065,318.5218,352.1355,320.435,319.9953,320.6603,305.8719,332.8603,352.3584,321.317,320.4964,320.3384,511.3937,1091.5763,1089.0874,1098.1827,1089.1719,1081.8952,525.5774,1115.3417,1119.1905,443.3146,447.0861,512.9401,504.5109,508.8057,520.2646,513.8541,441.8153,432.2114,437.367,406.4974,1167.4314,1148.6837,448.0633,1150.7361,1164.0818,1153.8528,1148.3891,1143.2143,302.8441,286.6579,295.2812,295.6457,295.0893,295.221,318.5218,352.1355,299.2233,297.4331,296.2292,296.5932,300.4387,285.7453,305.4767,285.8978,301.1172,301.3839,300.6978,291.7156,305.8719,332.8603,352.3584,321.317,302.9098,287.1688,318.5946,353.6596,315.8543,297.3697,0.024661,0.046092,0.049663,9.8938,6.2691,-0.84709,4.4054,3500,863.7987,116.8125,53.8665,,,3.0255,0.34201,0.029385238,0.013138818,0.038969,0.0045891,0.0365,0.0041791,0.00071391,131.6851,0.94575,2.1784,3.6263,-0.56708,-0.010362,0.02485,3.7355,-0.58162,-0.066846,0.0090137,0.057454,0.00053614,0.00049307,0.0049858,0.0012321,194.9794
2008_01_26G.csv,300.9411,301.7393,301.722,306.2234,302.8974,302.6549,297.3546,331.431,307.0362,323.9435,300.6324,300.9582,300.9881,296.516,305.9973,296.9126,300.3645,302.4833,333.8599,324.5483,331.3933,332.8559,347.1185,334.222,333.8999,334.6642,306.4745,338.4572,347.4545,334.7061,334.2085,333.2486,685.1267,1392.4091,1391.8059,1396.3524,1387.6998,1373.9294,725.0007,1417.576,1424.137,613.8076,617.5426,687.9002,679.0068,689.1832,707.3595,696.7136,610.8368,601.5105,602.6553,534.2069,1496.9148,1450.836,632.29,1462.0613,1485.6372,1469.8864,1456.5812,1452.0275,302.6549,297.3546,295.6833,295.7037,295.2412,295.2832,332.8559,347.1185,299.4857,297.6316,295.9001,296.6729,300.5185,296.7758,305.9973,296.9126,300.3645,302.4833,300.9571,291.7585,306.4745,338.4572,347.4545,334.7061,302.8228,297.4654,332.9224,348.4655,319.3316,297.4226,0.02988,0.045838,0.049879,13.1435,6.6237,-1.172,4.5878,3500,864.3325,475.6813,236.0845,,,9.3748,2.388,0.118347437,0.057568665,0.14115,0.038843,0.1272,0.05093,0.00067475,106.2238,0.93172,2.1189,4.8173,-0.59953,-0.058383,0.11342,5.4073,-0.63066,-0.23369,0.091259,0.2405,0.0032258,0.0027155,0.0049867,0.0012331,153.2756
2008_01_26H.csv,301.2981,302.1143,302.2947,306.5212,303.9222,304.0385,293.8895,329.3547,307.0489,322.5212,301.2432,301.5467,301.5784,296.434,306.6839,293.2469,301.6395,302.4936,330.6134,323.108,327.6317,329.1112,352.8567,331.0616,330.6827,331.3622,307.0991,340.0557,353.1404,330.3772,331.0966,330.7022,686.1608,1387.2683,1387.7188,1392.3452,1385.1953,1374.7419,711.9324,1421.0347,1424.2361,604.3076,609.5419,687.7182,678.3801,687.7496,700.8791,692.7841,602.0571,591.5562,595.5673,547.0782,1490.9699,1460.3364,611.3295,1464.5825,1482.9872,1470.2717,1460.9248,1455.2966,304.0385,293.8895,295.571,295.7619,295.1977,295.3085,329.1112,352.8567,299.6912,297.7368,296.0692,296.8663,301.1456,293.0886,306.6839,293.2469,301.6395,302.4936,301.2145,291.4729,307.0991,340.0557,353.1404,330.3772,304.2002,294.2513,329.1695,354.3389,319.8488,297.5909,0.031788,0.045614,0.049862,12.6474,7.201,-1.2822,4.7184,3500,862.6949,239.0685,117.1585,,,4.6579,0.85184,0.05963064,0.02856083,0.075299,0.014687,0.069795,0.015619,0.00070745,117.8577,0.94319,2.2339,4.6355,-0.65055,-0.0321,0.05789,4.9645,-0.66665,-0.13561,0.034927,0.095724,0.0012388,0.00088297,0.0049866,0.0012312,148.4316
2008_01_26I.csv,300.4479,302.0315,302.3802,305.082,304.0071,304.2235,286.2746,324.4358,305.5601,318.6432,300.4592,300.6012,300.7254,295.4747,306.9146,285.5761,300.7955,301.7087,324.8725,319.112,321.9175,322.9438,360.353,325.5107,324.9641,325.9692,307.3838,338.0634,360.6264,323.8774,325.6693,325.4787,680.8379,1377.6516,1377.9946,1384.4037,1376.8565,1370.1215,694.7891,1421.4481,1416.2069,594.3402,599.5997,682.1035,672.7355,681.627,691.6043,685.3045,592.1686,581.1807,586.4058,550.5439,1478.7914,1456.5903,597.8473,1457.9012,1476.6812,1462.7144,1455.4615,1449.8904,304.2235,286.2746,295.6666,295.7682,295.2554,295.3068,322.9438,360.353,299.9445,297.8783,296.366,297.0343,300.1141,285.4242,306.9146,285.5761,300.7955,301.7087,301.6973,291.1592,307.3838,338.0634,360.6264,323.8774,304.2795,286.5827,323.0204,361.9893,320.8974,297.8058,0.03281,0.046229,0.041625,12.2848,7.6772,-1.252,4.8498,3500,863.3888,118.1465,53.6645,,,2.3698,0.11556,0.029600623,0.013091029,0.040157,0.0020553,0.034315,0.00085738,0.00072958,135.9491,0.94222,2.2966,4.5026,-0.69412,-0.01549,0.027255,4.6411,-0.70802,-0.085792,0.0078697,0.045881,0.00054875,0.0005003,0.0049865,0.0012325,145.4494
